I Like It,[Intro][|]Yeah baby[|]I like it like that[|]You gotta believe me when I tell you[|]I said I like it like that[|]You gotta believe me when I tell you[|]I said I like it like that[|][Verse 1: Cardi B][|]Now I like dollars, I like diamonds[|]I like stunting, I like shining[|]I like million dollar deals[|]Where's my pen, bitch I'm signin'[|]I like those Balenciagas[|]The ones that look like socks[|]I like going to the jeweler[|]I put rocks all in my watch[|]I like texts from my exes[|]When they want a second chance[|]I like proving niggas wrong[|]I do what they say I can't[|]They call me Cardi Bardi, banging body[|]Spicy mami, hot tamale[|]Hotter than a Somali[|]Fur coat, Ferrari[|]Hop out the stu, jump in the coupe[|]They trippin' on top of the roof[|]Flexing on bitches as hard as I can[|]Eating halal, driving the Lam'[|]Told that bitch I'm sorry, though[|]'Bout my coins like Mario[|]Yeah they call me Cardi B[|]I run this shit like cardio[|]Oh, damn[|][Chorus: Cardi B][|]Diamonds, just forget the chains[|]I said I like it like that[|]Instead of fighting, know I'm gang gang gang gang[|]I said I like it like that[|]Drop the top and blow the brains[|]I said I like it like that[|]Oh he's so handsome, what's his name?[|]I said I like it like that[|]Oh I need the dollars[|]I said I like it like that[|]Beat it up like piñatas[|]I said I like it like that[|]Tell the driver, close the curtains[|]I said I like it like that[|]Bad bitch make him nervous[|]I said I like it like that[|]Cardi B![|][Verse 2: Bad Bunny][|]Chambean, chambean, pero no jalan (¡jalan!)[|]Tú compras to'a las Jordan, bobo, a mí me las regalan[|]I spend in the club (wuh), while you hop in the bank (yeh)[|]This is the new religion, bang, en latino gang, gang, yeh, yeh[|]Trato de hacer dieta (heh), pero es que en el closet tengo mucha grasa (wuh)[|]Ya mude la Gucci pa' dentro de casa, yeh (¡wuh!)[|]Cabrón, a ti no te conocen ni en Plaza (no)[|]El Diablo me llama pero Jesucristo me abraza[|]Guerrero como Eddie, que viva la raza (yeh)[|]Me gustan boricuas, me gustan cubanas[|]Me gusta el acento de las colombianas (¿qué hubo pues?)[|]Como mueve el culo la dominicana (¿qué lo que?)[|]Lo rico que me chingan las venezolanas (woo!)[|]Andamos activos, Perico Pin-Pin[|]Billetes de cien en el maletín (ching)[|]Que retumbe el bajo, Bobby Valentin, yeh[|]Aquí es prohibido amar, diles Charytín[|]Que pa'l pico les tengo Claritin[|]Yo llego a la disco y se forma el motín[|][Chorus: Cardi B][|]Diamonds, just forget the chains[|]Pa, pa, pa, pa[|]I said I like it like that[|]Instead of fighting, know I'm gang gang gang gang[|]I said I like it like that[|]Drop the top and blow the brains[|]I said I like it like that[|]Oh he's so handsome, what's his name?[|]I said I like it like that[|]Oh I need the dollars[|]I said I like it like that[|]Beat it up like piñatas[|]I said I like it like that[|]Tell the driver, close the curtains[|]I said I like it like that[|]Bad bitch make him nervous[|]I said I like it like that[|][Verse 3: J Balvin][|]Como Celia Cruz tengo el azucar (azuca')[|]Tu jeva me vio y se fue de pecho como Jimmy Snuka[|]Te vamos a tumbar la peluca[|]Y arranca pa'l carajo cabrón, que a ti no te vo'a pasar la juca (juca, juca)[|]Mis tenis Balenciaga, me reciben en la entrada[|]Pa-pa-pa-pa-razzi, like I'm Lady Gaga[|]Y no te me hagas, que en cover de Billboard tú has visto mi cara[|]No salgo de tu mente[|]Donde quieras que viajes has escuchado mi gente[|]Yo no soy high, soy como el Testarossa (Testarossa)[|]Yo soy el que se la vive y también el que la goza (goza, goza)[|]En la cosa, mami en la cosa (cosa, cosa)[|]El quien mira sufre y el que toca goza (goza, goza)[|][Bridge: J Balvin & Cardi B][|]I said I like it like that[|]I said I like it like that (rrr)[|]I said I like it like that[|]I said I like it like that[|][Chorus: Cardi B][|]Diamonds, just forget the chains[|]I said I like it like that[|]Instead of fighting, know I'm gang gang gang gang[|]I said I like it like that[|]Drop the top and blow the brains[|]I said I like it like that[|]Oh he's so handsome, what's his name?[|]I said I like it
Bodak Yellow,Said little bitch, you can't fuck with me[|]If you wanted to[|]These expensive, these is red bottoms[|]These is bloody shoes[|]Hit the store, I can get them both[|]I don't wanna choose[|]And I'm quick, cut a nigga off[|]So don't get comfortable[|]Look, I don't dance now[|]I make money moves[|]Say I don't gotta dance[|]I make money move[|]If I see you and I don't speak[|]That means I don't fuck with you[|]I'm a boss, you a worker bitch[|]I make bloody moves[|]Now she say she gon' do what to who?[|]Let's find out and see, Cardi B[|]You know where I'm at[|]You know where I be[|]You in the club just to party[|]I'm there, I get paid a fee[|]I be in and out them banks so much[|]I know they're tired of me[|]Honestly, don't give a fuck 'bout who in front of me[|]Dropped two mixtapes in six months[|]What bitch working as hard as me?[|]I don't bother with these hoes[|]Don't let these hoes bother me[|]They see pictures, they say "Goals"[|]Bitch, I'm who they tryna be[|]Look, I might just chill in some BAPE[|]I might just chill with your boo[|]I might just feel on your babe[|]My pussy feel like a lake[|]He wanna swim with his face[|]I'm like "Okay"[|]I'll let him did what he want[|]He buy me Yves Saint Laurent[|]And the new whip[|]When I go fast as a horse[|]I got the trunk in the front[|]I'm the hottest in the street[|]Know you prolly heard of me[|]Got a bag and fixed my teeth[|]Hope you hoes know it ain't cheap[|]And I pay my mama bills[|]I ain't got no time to chill[|]Think these hoes be mad at me[|]Their baby father want a feel[|]Said little bitch, you can't fuck with me[|]If you wanted to[|]These expensive, these is red bottoms[|]These is bloody shoes[|]Hit the store, I can get them both[|]I don't wanna choose[|]And I'm quick cut a nigga off[|]So don't get comfortable[|]Look, I don't dance now[|]I make money moves[|]Say I don't gotta dance[|]I make money move[|]If I see you and I don't speak[|]That means I don't fuck with you[|]I'm a boss, you a worker bitch[|]I make bloody moves[|]If you a pussy you get popped[|]You a groupie, you a opp[|]Bet you come around my way[|]You can't hang around my block[|]And I just checked my accounts[|]Turns out, I'm rich, I'm rich, I'm rich[|]I put my hand above my hip[|]I bet you dip, he dip, she dip[|]I say I get the money and go[|]This shit is hot like a stove[|]My pussy glitter as gold[|]Tell that lil bitch play her role[|]I just a-rove in a Rolls[|]I just came up in a Wraith[|]I need to fill up the tank[|]No, I need to fill up the safe[|]I need to let all these hoes know[|]That none of their niggas is safe[|]I go to dinner and steak[|]Only the real can relate[|]I used to live in the P's[|]Now it's a crib with a gate[|]Roly got charms, look like frosted flakes[|]I had to let these bitches know[|]Just in case these hoes forgot[|]I just run and check the mail[|]Another check from Mona Scott[|]Said little bitch, you can't fuck with me[|]If you wanted to[|]These expensive, these is red bottoms[|]These is bloody shoes[|]Hit the store, I can get them both[|]I don't wanna choose[|]And I'm quick cut a nigga off[|]So don't get comfortable[|]Look, I don't dance now[|]I make money moves[|]Say I don't gotta dance[|]I make money move[|]If I see you and I don't speak[|]That means I don't fuck with you[|]I'm a boss, you a worker bitch[|]I make bloody moves
Be Careful,Yeah[|]Be careful, be careful, be careful with me[|]Look[|]I wanna get married, like the Curry's, Steph and Ayesha shit[|]But we more like Belly; Tommy and Keisha shit[|]Gave you TLC, you wanna creep and shit[|]Poured out my whole heart to a piece of shit[|]Man, I thought you would've learned your lesson[|]'Bout liking pictures, not returnin' texts[|]I guess it's fine, man, I get the message[|]You still stutter after certain questions[|]You keep in contact with certain exes[|]Do you, though[|]Trust me, nigga, it's cool, though[|]Said that you was workin', but you're out here chasin' culo[|]And putas, chillin' poolside, livin' two lives[|]I could've did what you did to me to you a few times[|]But if I did decide to slide, find a nigga[|]Fuck him, suck his dick, you would've been pissed[|]But that's not my M.O., I'm not that type of bitch[|]And karma for you is gon' be who you end up with[|]Don't make me sick, nigga[|]The only man, baby, I adore[|]I gave you everything, what's mine is yours[|]I want you to live your life of course[|]But I hope you get what you dyin' for[|]Be careful with me[|]Do you know what you doin'?[|]Whose feelings that you're hurtin' and bruisin'?[|]You gon' gain the whole world[|]But is it worth the girl that you're losin'?[|]Be careful with me[|]Yeah, it's not a threat, it's a warnin'[|]Be careful with me[|]Yeah, my heart is like a package with a fragile label on it[|]Be careful with me[|]Care for me, care for me[|]Always said that you'd be there for me, there for me[|]Boy, you better treat me carefully, carefully, look[|]I was here before all of this[|]Guess you actin' out now, you got an audience[|]Tell me where your mind is, drop a pin, what's the coordinates?[|]You might have a fortune,[|]but you lose me, you still gon' be misfortunate, nigga[|]Tell me, this love's got you this fucked up in the head[|]You want some random bitch up in your bed?[|]She don't even know your middle name[|]Watch her, 'cause she might steal your chain[|]You don't want someone who loves you instead? I guess not though[|]It's plain disrespect, you nothin' like the nigga I met[|]Talk to me crazy and you quick to forget[|]You even got me trippin', you got me lookin' in the mirror different[|]Thinkin' I'm flawed because you inconsistent[|]Between a rock and a hard place, the mud and the dirt[|]It's gon' hurt me to hate you, but lovin' you's worse[|]It all stops so abrupt, we start switchin' it up[|]Teach me to be like you so I can not give a fuck[|]Free to mess with someone else, I wish these feelings could melt[|]'Cause you don't care about a thing except your mothafuckin' self[|]You make me sick, nigga[|]The only man, baby, I adore[|]I gave you everything, what's mine is yours[|]I want you to live your life of course[|]But I hope you get what you dyin' for[|]Be careful with me[|]Do you know what you doin'?[|]Whose feelings that you're hurtin' and bruisin'?[|]You gon' gain the whole world[|]But is it worth the girl that you're losin'?[|]Be careful with me[|]Yeah, it's not a threat, it's a warnin'[|]Be careful with me[|]Yeah, my heart is like a package with a fragile label on it[|]Be careful with me
Bartier Cardi,Bardi in a 'Rari, diamonds all over my body[|]Shinin' all over my body[|]Put that bitch on Molly[|]Bardi[|]Bitch on Molly[|]21, diamonds all over my body[|]Said, that bitch on Molly[|]Nigga, I'm 'bout it[|]Your bitch wanna party with Cardi[|]Cartier Bardi in a 'Rari (21)[|]Diamonds all over my body (Cardi)[|]Shinin' all over my body (my body)[|]Cardi got your bitch on molly[|]Bitch, you ain't gang, you lame[|]Bentley truck lane to lane[|]Blow out the brain (21)[|]I go insane, insane[|]I drop a check on the chain[|]Fuck up a check in the plane[|]Cardi took your man, you upset, uh[|]Cardi got rich, they upset, yeah[|]Cardi put the pussy on Offset (Say what?)[|]Cartier, Cardi B brain on Offset (21)[|]Cardi took your man, you upset, uh[|]Cardi got rich, they upset, yeah[|]Cardi put the pussy on Offset (Cardi)[|]Cartier, Cardi B brain on Offset (Cardi)[|]Who get this mothafucker started? (Cardi)[|]Who took your bitch out to party? (Cardi)[|]I took your bitch in the party (Cardi)[|]Who that be fly as a Martian? (Cardi)[|]Who that on fleek in the cut? (Cardi)[|]Who got the bricks in the truck? (Cardi)[|]Them diamonds gon' hit like a bitch on a bitch ass bitch[|]Bitch, you a wannabe Cardi[|]Red bottom M.J. moonwalk on a bitch[|]Moonwalkin' through your clique[|]I'm moonwalkin' in the six[|]Sticky with the kick (skrrt), moonrocks in this shit[|]I from the motherfuckin' Bronx (Bronx)[|]I keep the pump in the trunk (trunk)[|]Bitch if you bad then jump (jump)[|]Might lead your bitch in a slump[|]Your bitch wanna party with Cardi[|]Cartier Bardi in a 'Rari (21)[|]Diamonds all over my body (Cardi)[|]Shinin' all over my body (my body)[|]Cardi got your bitch on molly[|]Bitch, you ain't gang, you lame[|]Bentley truck lane to lane[|]Blow out the brain (21)[|]I go insane, insane[|]I drop a check on the chain[|]Fuck up a check in the plane[|]Cardi took your man, you upset, uh[|]Cardi got rich, they upset, yeah[|]Cardi put the pussy on Offset (Say what?)[|]Cartier, Cardi B brain on Offset (21)[|]Cardi took your man, you upset, uh[|]Cardi got rich, they upset, yeah[|]Cardi put the pussy on Offset (Cardi)[|]Cartier, Cardi B brain on Offset (Cardi)[|]Your bitch wanna party with a Savage (21)[|]Saint Laurent Savage in an Aston (yeah)[|]High end cars and fashion (21)[|]I don't eat pussy, I'm fastin' (on God)[|]I'm a Blood, my brother Crippin'[|]Bitch, I'm drippin', ho, you trippin'[|]Told the waitress I ain't tippin'[|]I like hot sauce on my chicken (on God)[|]I pulled the rubber off and I put hot sauce on her titties (21)[|]I'm in a Bentley truck, she keep on suckin' like it's tinted (21)[|]All these VVS', nigga, my sperm worth millions (on God)[|]The bitch so bad I popped a Molly 'fore I hit it (21, 21)[|]Your bitch wanna party with Cardi[|]Cartier Bardi in a 'Rari (21)[|]Diamonds all over my body (Cardi)[|]Shinin' all over my body (my body)[|]Cardi got your bitch on molly[|]Bitch, you ain't gang, you lame[|]Bentley truck lane to lane[|]Blow out the brain (21)[|]I go insane, insane[|]I drop a check on the chain[|]Fuck up a check in the plane[|]Cardi took your man, you upset, uh[|]Cardi got rich, they upset, yeah[|]Cardi put the pussy on Offset (Say what?)[|]Cartier, Cardi B brain on Offset (21)[|]Cardi took your man, you upset, uh[|]Cardi got rich, they upset, yeah[|]Cardi put the pussy on Offset (Cardi)[|]Cartier, Cardi B brain on Offset (Cardi)[|]Step in this bitch in Givenchy (cash)[|]Fuck up a check in Givenchy (cash)[|]Boss out the coupe and them inches[|]I fuck up a bag at the Fendi, I fuck up a bag in a minute[|]Who you know drip like this?[|]Who you know built like this?[|]I'm poppin' shit like a dude[|]Pull up to pop at your crew[|]Brrr, poppin' at you, woo[|]They say you basic[|]I flooded the Rollie with diamonds[|]I flooded the Patek and bracelet[|]I got your bitch and she naked[|]Ice on the cake, when I bake it[|]I'm switchin' lanes in the Range[|]Swap out the dick for the brain[|]Swap out your bitch for your main[|]Swap out the trap for the fame[|]Ice on them Carti B Cartier frames[|]Your bitch wanna party with Cardi[|]Cartier Bardi in a 'Rari (21)[|]Diamonds all over my body (Cardi)[|]Shinin' all over my body (my body)[|]Cardi got your bitch on molly[|]Bitch, you ain't gang, you lame[|]Bentley truck lane to lane[|]Blow out the brain (21)[|]I go insane, insane[|]I drop a check on the chain[|]Fuck up a check in the plane[|]Cardi took your man, you upset, uh[|]Cardi got rich, they upset, yeah[|]Cardi put the pussy on Offset (Say what?)[|]Cartier, Cardi B brain on Offset (21)[|]Cardi took your man, you upset, uh[|]Cardi got rich, they upset, yeah[|]Cardi put the pussy on Offset (Cardi)[|]Cartier, Cardi B brain on Offset (Who's Cardi?)
Drip,That boy Cass![|]Cardi[|]Non-stop[|]Came through drippin' (drip drip)[|]Came through drippin' (drip drip)[|]Came through drippin' (drip drip)[|]Diamonds on my wrist, they drippin'[|]Came through drippin' (drip drip)[|]Came through drippin' (drip drip)[|]Came through drippin' (drip drip)[|]Diamonds on my wrist, they drippin'[|]Came through driven (drip drip)[|]Came through driven (drip drip)[|]Came through driven (drip drip)[|]Diamonds on my wrist, they drippin'[|]Came through driven (drip drip)[|]Came through driven (drip drip)[|]Came through driven (drip drip)[|]Diamonds on my wrist, they drippin'[|]Give a little son to a mama[|]Tryna make love in a Sprinter[|]Crazy droppin' a nigga like Kemba[|]Lookin' like a right swipe on Tinder[|]Shit on these hoes[|]Now look at my wrist on these hoes[|]Now I look down on these bitches[|]I feel like I'm stilts on these hoes[|]Forgive everybody right now[|]I'm the man, got cake by the pound[|]Go down, heat it up, don't drown[|]Left the keys in the boat, how it sound[|]I got that gooshy[|]Yeah that's a fact but I've never been pussy[|]I've been that bitch since pajamas with footies[|]Won every P, but I'm still a rookie[|]I gotta work on my anger[|]Might kill a bitch with my fingers[|]I gotta stay outta Gucci[|]I'm finna run outta hangers[|]Is she a stripper or a rapper or a singer[|]I'm busting blocks in my Bentley [?][|]Running through your hood like "Bitch, I'm the mayor[|]You not my bitch, then bitch you a [?][|]Came through drippin' (drip drip)[|]Came through drippin' (drip drip)[|]Came through drippin' (drip drip)[|]Diamonds on my wrist, they drippin'[|]Came through drippin' (drip drip)[|]Came through drippin' (drip drip)[|]Came through drippin' (drip drip)[|]Diamonds on my wrist, they drippin'[|]Bitch you a thot, ain't trickin'[|]Put her on her knee, make her lick it[|]Patek on my wrist, and it's glistenin'[|]The bitch got mad, I dissed her[|]Shawty ain't nothing to a rich nigga[|]I put a check on a bitch nigga[|]Fuck your whole set and your clique, nigga[|]Got a gang full of dud, it's a woke niggas[|]Diamonds on me, whats the price[|]I'm not getting invite with the hype[|]I'm too rich to get into a fight[|]Fifty racks got my jeans fitting tight[|]Pay that price and these boys come and wipe ya[|]We had to dispose of the diaper[|]Yeah we trap every week, every night[|]Word my movie too smooth, no indictments[|]Yeah, [?][|]Fifty-seven ninety in this [?][|]When I gotta move I gotta say[|]For the cash I'ma turn to Michael Myers[|]For the [?] keep dripping, keep dropping[|]My wrist all liquid watches[|]Told a bitch trap on my dick and pop it[|]Get a little bitch a deposit[|]Came through drippin' (drip drip)[|]Came through drippin' (drip drip)[|]Came through drippin' (drip drip)[|]Diamonds on my wrist, they drippin'[|]Bitch you a thot, ain't trickin'[|]Put her on her knee, make her lick it[|]Patek on my wrist, and it's glistenin'[|]The bitch got mad, I dissed her[|]Takeoff[|]Came through driven, I ain't never sleeping I'm a pimp[|]Fuckin' with a quarter million nigga with a feelin'[|]Abort the mission, nigga, let me tellin [?][|]Splash [?][|][?] water in my ear, gave a nigga wet willie[|]Came through driven, spillin'[|]Fucking with the bag[|]Tryna get all my niggas a milli[|]Stack it to the ceiling[|]Shootin' at civilians[|]I'm the one dealing[|]I could make a killing[|]Can you smell her with the back ceiling?[|]Fly nigga throw it up, give a fuck about your feelings[|]Who what the did with the[|]Got rib [?] and Ken Griffen[|]The bitch got thick, so I guess she ain't [?][|]She leave with me, I'ma fly her back to the city[|]Go get the back on a day off[|]Got get the rings out the playoffs[|]Pasadena's a bake off[|]Fuck on a diss, she get laid off[|]Big boy 2's, make-o[|]Make a bitch down with a draco[|]Fuckin' with the cheese, queso[|]That's Huncho, fuck a Rodeo[|]Private jet, we don't do layover[|]One call, I'm having your bae over[|]Walk out the spot with a makeover[|]Got her addicted to payola[|]Came through drippin' (drip drip)[|]Came through drippin' (drip drip)[|]Came through drippin' (drip drip)[|]Diamonds on my wrist, they drippin'[|]Came through drippin' (drip drip)[|]Came through drippin' (drip drip)[|]Came through drippin' (drip drip)[|]Diamonds on my wrist, they drippin'[|]Came through driven (drip drip)[|]Came through driven (drip drip)[|]Came through driven (drip drip)[|]Diamonds on my wrist, they drippin'[|]Came through driven (drip drip)[|]Came through driven (drip drip)[|]Came through driven (drip drip)[|]Diamonds on my wrist, they drippin'
Best Life,[Intro: Chance The Rapper][|]I'm living my best life, yeah, yeah[|]I'm living my best life[|]Made a couple Ms, you know (ah, huh)[|][Chorus: Chance The Rapper][|]Said I'm living my best life, said I'm living my best life[|]Made a couple Ms with my best friends[|]Turned all my Ls into lessons[|]You see the whip pulling up, it's like skrrt[|]Dreams filling up, I'm like skrrt[|]I'm living my best life[|]It's my birthday, at least that's what I'm dressed like[|][Verse 1: Cardi B][|]I'm like Big Pop' mixed with 2Pac, I'm like Makaveli (yeah)[|]You need some Little Caesar's pizza, I be Hot & Ready (woo)[|]Nigga, you a pussy and a rat, you like Tom & Jerry[|]Nigga, you ain't ballin', you just talkin', that's that commentary (huh)[|]I was in the field, man, I slaved for this (yeah)[|]Had to talk to God, dropped down, and prayed for this[|]To my surprise, He replied, said, "You made for this"[|]I seen the car I wanted, then I went and paid for it, cash cash[|]Hit the Tay-K, I hit the race, hit the dash dash[|]That's when they came for me on Twitter with the backlash[|]"Cardi B is so problematic" is the hashtag[|]I can't believe they wanna see me lose that bad[|]They talkin' junk and they stink, these hoes mad trash[|]I'm gigglin', can't let the devil have the last laugh[|]Ain't no more beefin', I'm just keepin' to myself[|]I'm my own competition, I'm competin' with myself (brrrp)[|][Chorus: Chance The Rapper][|]I told y'all, I said I'm living my best life (woo)[|]I told y'all, I said I'm living my best life (ayy)[|]I made a couple Ms with my best friends[|]Turned all my Ls into lessons (skrrt, skrrt)[|]You see the whip pulling up, it's like skrrt (like skrrt)[|]Dreams filling up, I'm like skrrt (like skrrt)[|]I'm living my best life[|]It's my birthday, at least that's what I'm dressed like (Chance, The Rapper)[|][Verse 2: Chance The Rapper][|]You don't like money, I can see it your eye[|]You don't like winning, I can see it in your tie[|]Better be careful with these women when you trickin', send it fly[|]She count money in her sleep and she don't ever spend the night[|]But she trappin' and she had to make it happen for her life[|]Don't be mad because she havin' shit you had to try whole life[|]We had baggage on our flight, we had badges on our asses[|]You got passes in your life, you had gadgets on your bike[|]God work magic, God work magic, God work magic in my life[|]And that guap look like Iyanla 'cause that bag just changed my life[|]Hey, y'all know good and damn well I don't want no champagne[|]But can we please get some more champagne?[|]Police, no Andre, G like 'Venchy[|]Reach like 'Bron James, pep talk from Yoncé[|]'Member my hands had ash like Pompeii[|]Now they hold cash, won't peak like Dante[|][Chorus: Chance The Rapper][|]I told y'all, I said I'm living my best life[|]I told y'all, I said I'm living my best life (ayy)[|]I made a couple Ms with my best friends[|]Turned all my Ls into lessons[|]You see the whip pulling up, it's like skrrt (skrrt, skrrt, like skrrt)[|]Dreams filling up, I'm like skrrt (like skrrt)[|]I'm living my best life[|]It's my birthday, at least that's what I'm dressed like[|][Verse 3: Cardi B][|]I said I never had a problem showing y'all the real me[|]Hair when it's fucked up, crib when it's filthy[|]Way-before-the-deal me, strip-to-pay-the-bills me[|]'Fore I fixed my teeth, man, those comments used to kill me[|]But never did I change, never been ashamed[|]Never did I switch, story stayed the same[|]I did this on my own, I made this a lane[|]Y'all gotta bare with me, I been through some things[|]Went from small-ass apartments to walkin' red carpets[|]Pissy elevators, now every dress is tailored[|]This some real-life fairy tale Binderella shit[|]I got further than them hoes said I will ever get[|]And that only goes to show that only God knows[|]I took pictures with Beyoncé, I met Mama Knowles[|]I'm the rose that came from the concrete in the Rolls[|]I'm like gold, I'm life goals, man, I'm chosen, I'm floatin', ayy[|][Chorus: Chance The Rapper][|]I told y'all, I said I'm living my best life[|]I told y'all, I said I'm living my best life (ayy)[|]I made a couple Ms with my best friends[|]Turned all my Ls into lessons (hey, hey, hey, hey)[|]You see the whip pulling up, it's like skrrt (like skrrt)[|]Dreams filling up, I'm like skrrt (like skrrt)[|]I'm living my best life[|]It's my birthday, at least that's what I'm dressed like[|][Outro: Chance The Rapper][|]Skrrt skrrt, going down right now[|]Skrrt skrrt, Jamie Foxx in your town, like[|]Skrrt skrrt, money piling up, man[|]All the blessings coming down[|]You don't know 'bout nothing, you don't know 'bout nothing[|]You don't know 'bout nothing, you don't know 'bout nothing[|]I told y'all, I told y'all (You don't know 'bout nothing)[|]I t-, I told y'all, I told y'all (You don't know 'bout nothing)[|]Told y'all, I t-, I told y'all (You don't know 'bout nothing)[|]You don't know (You don't know 'bout nothing)
I Do,[Chorus: SZA][|]I left a nigga on read 'cause I felt like it[|]Dress me down in that Raf, Saint Laurent jacket[|]Dapper, dapper, I look fine and my checks defined[|]No wonder, wonder why I do whatever I like[|]I do what I like, I do, I do[|]I do what I like, I do, I do[|]I do what I like, I do, I do[|]I do what I like, I do, I do[|][Verse 1: Cardi B][|]I think us bad bitches is a gift from God (gift from God)[|]I think you broke hoes need to get a job (get a job)[|]Now I'm a boss, I write my own name on the checks (Cardi)[|]Pussy so good, I say my own name during sex[|]I might smack a bitch 'cause I felt like it[|]Gucci shoes and a belt like it[|]Said that Cardi is his favorite fragrance[|]I'm a rich bitch and I smell like it[|]I'm in a boss bitch mood, ay[|]These heels are Givenchy, ho, these are some boss bitch shoes[|]If you ain't no boss bitch, move, ay[|]For the record, I set records, record sales[|]I like niggas that are in it, not in jail[|]They said by now that I'll be finished, hard to tell (I can tell)[|]My little 15 minutes lasted long as hell, huh?[|][Chorus: SZA][|]I left a nigga on read 'cause I felt like it[|]Dress me down in that Raf, Saint Laurent jacket[|]Dapper, dapper, I look fine and my checks defined[|]No wonder, wonder why I do whatever I like[|]I do what I like, I do, I do[|]I do what I like, I do, I do[|]I do what I like, I do, I do[|]I do what I like, I do, I do[|][Verse 2: Cardi B][|]Look, broke hoes do what they can (can)[|]Good girls do what they told (told)[|]Bad bitches do what they want (they want)[|]That's why a bitch is so cold[|]I'm a gangsta in a dress, I'm a bully in the bed[|]Only time that I'm a lady's when I lay these hoes to rest[|]The coupe is ruthless, but I get top in it[|]I'm provocative, it's my prerogative[|]80K just to know what time is it[|]Cardi rocking it, go buy stock in it[|]Spent what I want, ain't no limit[|]I say what I want, I ain't never been timid[|]Only real shit comes out my mouth and only real niggas go in it[|]Leave his texts on read, leave his balls on blue[|]Put it on airplane mode so none of those calls come through[|]Here's a word to my ladies[|]Don't you give these niggas none (give 'em none)[|]If they can make you richer, they can make you cum[|][Chorus: SZA][|]I left a nigga on read 'cause I felt like it[|]Dress me down in that Raf, Saint Laurent jacket[|]Dapper, dapper, I look fine, yeah, my checks still fine[|]No wonder wonder why I do whatever I like[|]I do what I like, I do, I do[|]I do what I like, I do, I do[|]I do what I like, I do, I do[|]I do what I like, I do, I do
She Bad,[Intro: YG][|]4Hunnid![|]Mustard on the beat ho[|][Chorus: YG][|]Dat ass, dat ass, dat ass, dat ass[|]Dat ass, dat ass, dat ass, dat ass[|]She bad, she bad, she bad, she bad[|]She bad, she bad, she bad, she bad[|]Gucci bag, Gucci bag, Gucci bag, Fendi bag[|]Prada bag, Louis bag, Gucci bag, Gucci bag[|]Birkin bag, she in the bag, she drip, she swag[|]Never mad, she glad, Louis bag, she in the bag[|][Verse 1: Cardi B][|]Look, look, momma needs some mill money (cash), Prada bag and hill money[|]See my ex, he still love me (ha), new nigga 'gon kill for me (yeah)[|]All my chains got diamonds in it (bling), my account got commas in it (cash)[|]Damn daddy, you fine as hell, I hope your wallet got condoms in it[|]I'm up, she mad, I'm first, she's last (yeah)[|]Rob who? Take what? Click-clack, Ski-Mask[|]I'm a boss in a skirt, I'm a dog, I'm a flirt[|]Write a verse while I twerk, I wear off-white at church[|]Prolly make the preacher sweat, read the Bible, Jesus wept[|]Bitch say that she gon' try me, how come I haven't seen it yet?[|]Give it to him so good that his eyes roll back (huh?)[|]Shorty said it's all hers, why her thighs don't match?[|][Chorus: YG][|]Dat ass, dat ass, dat ass, dat ass[|]Dat ass, dat ass, dat ass, dat ass[|]She bad, she bad, she bad, she bad[|]She bad, she bad, she bad, she bad[|]Gucci bag, Gucci bag, Gucci bag, Fendi bag[|]Prada bag, Louis bag, Gucci bag, Gucci bag[|]Birkin bag, she in the bag, she drip, she swag[|]Never mad, she glad, Louis bag, she in the bag[|]She bag, she bad, she bad, she bad[|]She bad, she bad, she bad, she bad[|][Verse 2: Cardi B][|]Weed blowin', pussy boss, suck his dick through his drawers[|]Lick the balls just because, lil bitch, I eat balls[|]I'm a monsta, mouth open wide like opera[|]Face down, ass up, I got perfect posture (woo)[|]It's lit like a lamp, lick you like a stamp (yuh)[|]Beat this pussy up (yuh) I take it like a champ (woo)[|]Balenciaga momma, I know you heard about her[|]Spoil me in Prada, I'm worth every dollar (cash)[|]The one you made, could keep 'em (yeah), I need Chrissy Teigen[|]Know a bad bitch when I see one (yeah, woo)[|]Tell Rih-Rih I need a threesome[|]I'm his favorite type of chick, boujee, bad, and thick (uh)[|]I could buy designer, but this Fashion Nova fit[|]All that ass (woo, woo, woo, woo)[|][Chorus: YG][|]Dat ass, dat ass, dat ass, dat ass[|]Dat ass, dat ass, dat ass, dat ass[|]She bad, she bad, she bad, she bad[|]She bad, she bad, she bad, she bad[|]Gucci bag, Gucci bag, Gucci bag, Fendi bag[|]Prada bag, Louis bag, Gucci bag, Gucci bag[|]Birkin bag, she in the bag, she drip, she swag[|]Never mad, she glad, Louis bag, she in the bag[|]She bad, she bad, she bad, she bad[|]She bad, she bad, she bad, she bad[|][Verse 3: YG][|]She bad, in the bag, move slow, hit it fast[|]She ride me 'til I crash, 400 minutes, I last[|]She compliment my swag, all you niggas harass[|]All them bitches wanna be her friend now, she laugh (hey now)[|]Uh, uh, she buy her man a Bentley coupe[|]Uh, uh, she got niggas and bitches, too[|]Uh, uh, she wear off-white to church, ooh[|]Uh, only Birkin, not Dooney & Burke, woo[|]Birkin bag, fuck a tag, fuck me, and she fuck me bad[|]Whispered in her ear, "You got these bitches beat, they runnin' laps"[|]You know you something special, you figured it out, you from the traps[|]Step out wearin' that dress, showin' that ass and it's a fuckin' wrap[|][Chorus: YG][|]Dat ass, dat ass, dat ass, dat ass[|]Dat ass, dat ass, dat ass, dat ass[|]She bad, she bad, she bad, she bad[|]She bad, she bad, she bad, she bad[|]Gucci bag, Gucci bag, Gucci bag, Fendi bag[|]Prada bag, Louis bag, Gucci bag, Gucci bag[|]Birkin bag, she in the bag, she drip, she swag[|]Never mad, she glad, Louis bag, she in the bag[|]She bad, she bad, she bad, she bad[|]She bad, she bad, she bad, she bad
Thru Your Phone,[Verse 1: Cardi B][|]Look, I just want to break up all your shit[|]Call your mama phone, let her know that she raised a bitch[|]Then dial tone, click and fuck your little fake ass friends[|]Come around actin' like they my bros[|]I seen y'all little group texts[|]Where you all like to brag about your hoes[|]And you can tell your little bitch[|]I screenshotted all her naked pics[|]Oh, you wanna send nudes to my man?[|]Wake up and see your boobs on the 'Gram?[|]Little bitch, I cannot stand you, right hand to Jesus[|]I might just cut all the tongues out your sneakers[|]Smash your TV from Best Buy[|]You gon' turn me into into Left Eye[|]I don't wanna hear 'bout invasion of privacy[|]I had a feeling, it turns out you lie to me[|]I'm holdin' back everything that's inside of me[|]How you all fuckin' with bitches that follow me?[|][Pre-Chorus: Ali Tamposi & Cardi B][|]My heart is beating like it's bleeding out[|](You sleeping, you sleeping, you sleeping)[|]You sleeping like a baby[|]Everyone was right about you now, and[|](You creeping, you creeping, you creeping)[|][Chorus: Ali Tamposi][|]I went through your phone last night[|]I went through your phone last night[|]Saw some things I didn't like[|]I went through your phone last night[|]It's killing me, killing me, killing me, oh[|][Verse 2: Cardi B][|]All I can see is you and her in different scenarios[|]Beyoncé on my stereo, "Resentment" on repeat[|]I'ma make a bowl of cereal with a teaspoon of bleach[|]Serve it to you like, "Here you go, nigga, bon appétit"[|]Look did you give it to her raw? You love her or nah?[|]You risk your whole home for a hoe from the bar?[|]You really want them hoes? You can have them bitches[|]You don't even cheat with no badder bitches[|]This shit is eatin' me, you sleepin' peacefully[|]Gettin' more mad at you, thinkin' 'bout stabbing you[|]Don't even know that you this close to dyin'[|]You gon' wake up like, "Why you got an attitude?"[|][Pre-Chorus: Ali Tamposi & Cardi B][|]My heart is beating like it's bleeding out[|](You sleeping, you sleeping, you sleeping)[|]You sleeping like a baby[|]Everyone was right about you now, and[|](You creeping, you creeping, you creeping)[|][Chorus: Ali Tamposi][|]I went through your phone last night[|]I went through your phone last night[|]Saw some things I didn't like[|]I went through your phone last night[|]It's killing me, killing me, killing me, oh[|][Bridge: Ali Tamposi & Cardi B][|]It's killing me[|]It's killing me, killing me, killing me, oh[|]It's killing me[|]It's killing me, killing me, killing me, oh[|]It's killing me[|]It's killing me, killing me, killing me, oh[|]It's killing me[|][Chorus: Ali Tamposi][|]I went through your phone last night[|]I went through your phone last night[|]Saw some things I didn't like[|]I went through your phone last night[|]It's killing me, killing me, killing me, oh
Bickenhead,[Intro][|]Goes for all my nasty hoes, yeah (alright-alright, alright, alright, alright, alright)[|]From across the globe, woo (hol' up)[|]This goes for all my nasty hoes, yeah (alright-alright, alright, alright, alright, alright)[|]From across the globe, look, uh[|][Verse 1][|]Now, I said luxury apartments (wow), I'm young and I'm heartless (yeah)[|]There's a bitch that's in my vision, that bitch is a target (brrr)[|]Lawyer is a Jew, he gon' chew up all the charges[|]Don't matter if you fuck with me, I get money regardless (cash)[|][Chorus][|]That guap, guap, get some chicken, guap, guap, get some bread[|]Guap, guap, get some chicken, guap, guap, get some bread[|]Bitch you pressed, you can flex[|]Get some money, ho, tell me why you stressed[|][Verse 2][|]Now I said hoes down, G's up (G's up)[|]You know how I'm rockin', but my watch is freezed up (ice)[|]I can't wait until they drop that Lamborghin' truck (skrrt)[|]I'm careful where I park it, hoes will have it keyed up[|]Them bitches getting beat up[|]Slim waist, ass fat (fat), my shit is caked up[|]My bad bitch at the bake (yeah), without no makeup[|]This that collard greens, cornbread, neck bone, back, back[|]Get it from my mama and you don't know where your daddy at[|]Knick-knack paddywhack, give a dog a bone (bone)[|]Put it on him, then your nigga never comin' home (home)[|]I'ma flex like a boy, I'm a ten, she a joy[|]Stupid ho, unimportant, unattractive, unemployed[|][Chorus][|]Get some guap, guap, get some chicken, guap, guap, get some bread[|]Guap, guap, get some chicken, guap, guap, get some bread[|]Bitch you pressed, you can flex[|]Get some money, ho, tell me why you stressed, uh[|]Guap, guap, get some chicken[|][Refrain][|]I need that cheese, shorty, show me where it's at (boy, please, whatever)[|]You play with me, I might pop up where you at (boy, please, whatever)[|]You make-believe, now with me it's only facts (boy, please, whatever)[|]Expensive weave, and my checks is worth some racks, uh[|][Verse 3][|]Yeah, pop that pussy like you and pop that pussy in the wild[|]Pop that pussy like poppin' pussy is goin' out of style[|]Pop that pussy while you work, pop that pussy up at church[|]Pop that pussy on the pole, pop that pussy on the stove[|]Make that pussy slip and slide like you from the 305[|]Put your tongue out in the mirror, pop that pussy while you drive[|]Spread them asscheeks open, make that pussy crack a smile[|]Let your legs run that nigga, make him give your ass a child (woo)[|]Gimme some neck, gimme a check, pussy so good, make a nigga invest[|]Get a little spit, I'm gettin' it wet, I'll get it back up, just give me a sec'[|]Give him some vag', I'm gettin' a bag, give him some ass, I'm gettin' some Raf[|]When I'm done I make him cum, but then he comin' off that cash[|][Chorus][|]Get you some guap, guap, get some chicken, guap, guap, get some bread[|]Guap, guap, get some chicken, guap, guap, get some bread[|]Bitch you pressed, you can flex[|]Get some money, ho, tell me why you stressed, uh[|]Guap, guap, get some chicken[|][Refrain][|]I need that cheese, shorty, show me where it's at (boy, please, whatever)[|]You play with me, I might pop up where you at (boy, please, whatever)[|]You make-believe, now with me it's only facts (boy, please, whatever)[|]Expensive weave, and my checks is worth some racks, uh[|][Outro][|]Alright-alright, alright, alright, alright, alright[|]Alright-alright, alright, alright, alright, alright[|]Alright-alright, alright, alright, alright, alright[|]Alright-alright, alright, alright, alright, alright
Money Bag,[Intro][|]Money bag[|]Give me the money bag[|]Money bag[|]I'm lookin' like a money bag[|]Money bag[|]Money bag[|][Verse 1][|]I do the Maybach on Monday, Ferrari Friday[|]This is sweet pussy Saturday, that's just what God say[|]I say "bae, it's a snack", he say it's the entrée[|]With them pretty ass twins you look like Beyoncé[|][Hook][|]Lookin' like[|]Money bag, money bag, money bag (uh)[|]Money bag, money bag, money bag (woo!)[|]Money bag, money bag, money bag (get it)[|]Money bag, money bag, money bag[|][?] from the front, I got it behind me[|]And I park my Bentley truck on my Versace driveway[|][Verse 2][|]Everythin' your nigga want, I'm like a walkin' wishlist[|]I don't understand what this hate is about[|]How you gon' suck yo man dick with my name in yo mouth?[|][Hook][|]Lookin' like[|]Money bag, money bag, money bag (uh)[|]Money bag, money bag, money bag (woo!)[|]Money bag, money bag, money bag (get it)[|]Money bag, money bag, money bag[|][?] from the front, I got it behind me[|]And I park my Bentley truck on my Versace driveway[|]These bitches salty, they sodium[|]They jelly, petroleum[|]Always talkin' in the background[|]But never come to the podium[|]Chef Cardi B, I'm cookin' up[|]I see your bitch at the stove again[|]While ya hoes were sleepin' on me[|]I made 40 bags by 4 pm
Ring,[Intro: Kehlani][|]Ooh, ooh[|]Ring, ring, ring, ring[|][Chorus: Kehlani][|]You don't hit my line no more, oh, oh[|]You don't make it ring, ring, ring, ring[|]I can't keep this on the low[|]I want you to make it ring, ring, ring, ring[|][Verse 1: Cardi B][|]Should I call first? I can't decide[|]I want to, but a bitch got pride[|]The switchin' up shit is what I can't fuck with[|]I'm feelin' you but you hard to get in touch with[|]And you ain't hit me up in a while[|]Actin' like you don't know what number to dial[|]You quit, then that's it, I'ma throw in the towel[|]'Cause a nigga only goin' through what you allow[|]You don't want this gun smoke[|]Learn to text with your nose if your thumb broke[|]I don't care if we gettin' to it and I stall on your ass[|]But I still wake up from missed calls from your ass, nigga[|][Chorus: Kehlani][|]You don't hit my line no more, oh, oh[|]You don't make it ring, ring, ring, ring[|]I can't keep this on the low[|]I want you to make it ring, ring, ring, ring[|][Verse 2: Cardi B][|]Nah, nigga now you gon' have to call me (call me)[|]'Cause I'm lookin' at these messages, they on me (yeah)[|]Actin' like they ain't niggas that want me[|]Let another nigga in your spot, and you gon' be hot, nigga, coffee[|]You gon' be sick to your stomach, hit me when you free, 1-800[|]It's emergency, call me 911 'cause right now I'm out here tryna find someone[|]So the ring on my phone, ring on my finger (brrr)[|]You actin' like you ain't tryna do either (yeah)[|]What's a good girl? Watch me turn diva[|]Here goes my heart, I put it on speaker (oh)[|][Chorus: Kehlani][|]You don't hit my line no more, oh, oh[|]You don't make it ring, ring, ring, ring[|]I can't keep this on the low[|]I want you to make it ring, ring, ring, ring[|][Verse 3: Kehlani][|]You used to be on my line, on my tick all the time, yeah[|]Love it when you make me feel[|]Like you don't mind when I ain't got time for you[|]You know it don't go to my head, I'm only here again in bed[|]I just love to know you wanna spend time with me instead[|]Now you all caught up, yeah, you all caught up, now you done left me alone, yeah[|]You was all fed up, ready for the next step, wanna be on your own[|]Said I just miss you, I just miss us, baby[|]All I know is[|][Chorus: Kehlani][|]You don't hit my line no more, oh, oh[|]You don't make it ring, ring, ring, ring (you don't make it ring, baby)[|]I can't keep this on the low (yeah, yeah, oh)[|]I want you to make it ring, ring, ring, ring
Get Up 10,[Verse][|]Look, they gave a bitch two options: strippin' or lose[|]Used to dance in a club right across from my school[|]I said "dance" not "fuck", don't get it confused[|]Had to set the record straight 'cause bitches love to assume[|]Mama couldn't give it to me, had to get at Sue's[|]Lord only knows how I got in them shoes[|]I was covered in dollars, now I'm drippin' in jewels[|]A bitch play with my money? Might as well spit in my food[|]Bitches hated my guts, now they swear we was cool[|]Went from makin' tuna sandwiches to makin' the news[|]I started speakin' my mind and tripled my views[|]Real bitch, only thing fake is the boobs[|]Get money, go hard, you're mothafuckin' right[|]Never been no fraud in my mothafuckin' life[|]Get money, go hard, damn fuckin' right[|]Stunt on these bitches out of mothafuckin' spite[|]Ain't no runnin' up on me, went from nothin' to glory[|]I ain't tellin' ya to do it, I'm just tellin' my story[|]I don't hang with these bitches 'cause these bitches be corny[|]And I got enough bras, ya ain't gotta support me[|]I went from rag to riches, went from WIC to lit, nigga[|]Only person in my fam to see six figures[|]The pressure on your shoulders feel like boulders[|]When you gotta make sure that everybody straight[|]Bitches stab you in your back while they smilin' in your face[|]Talking crazy on your name, trying not to catch a case[|]I waited my whole life just to shit on niggas[|]Climbed to the top floor so I can spit on niggas[|]Said "I was just tryna chill and make bangers" (bangers)[|]Tell all these old bitches they in danger (stop)[|]The thing on my hip whip bitches into shape (brrrt)[|]That's what I call a fuckin' waist trainer[|]You gon' run up on who and do what? (who?)[|]I think y'all got your story screwed up (yeah)[|]I came here to ball, is you nuts?[|]I don't want your punk-ass man, I'm too tough (facts)[|]I'm the one that's killin' shit, hands down (hands down)[|]If you got a problem with me, say it now (say it)[|]'Cause I don't wanna hear no sneak dissin' (huh?)[|]'Specially not from one you weak bitches[|]I'm on go like I don't see no stop lights (skrrt)[|]I'm steppin' out every day, prom night (facts)[|]So if it's all love, show me love then (huh?)[|]'Cause you hatin' on a bitch, that's what it sounds like[|]Beast mode, that's how I give it up, nigga[|]Hoodie low, that's how I'm pullin' up[|]Just 'cause I been on the road, don't mean I been on the run[|]And you gon' have to learn to hold your tongue or hold the gun (brrrt, woo)[|]And we all know you ain't that type (no)[|]I smack you and the bitch that you act like (yeah)[|]I started gettin' money, bitches upset (cash)[|]They remind me of my pussy, bitches mad tight[|]Nails done, hair lit, keep them both laced (laced)[|]Come through shinin' with a Rollie bust face (shine)[|]Headshot, headshot, tell 'em closed case[|]Ain't no bitches spittin' like this since '08[|]I don't trust no nigga, I don't fear no bitch (fear no bitch)[|]Whole life been through some fucked up shit (fucked up)[|]They say I'm too that, oh, I'm too this[|]When you seen what I've seen, you end up like this (woo)[|]I walked into the label, "where the check at?" (where the check?)[|]Cardi B on the charts, ain't expect that[|]Where that bitch that was claimin' she a threat? (where?)[|]I'ma put a Louboutin where her neck at[|]They say, I'm too ratchet, they say, I act wild (I act wild, wild)[|]I'm tryna whip the foreign like a bad ass child (bad ass child, skrrt)[|]They caught me slippin' once, tell 'em try that now (try that now)[|]Cardi B, know it's me[|]Hear that "blap" sound (Blap!)[|][Chorus][|]Man, I said we gon' win[|]Knock me down nine times, but I get up ten[|]Look myself in the mirror, I say we gon' win[|]Knock me down nine times, but I get up ten[|]Look myself in the mirror, I say we gon' win[|]Knock me down nine times, but I get up ten[|]Yeah, but I get up ten[|]Knock me down nine times, but I get up ten[|]Bitch (woo)[|][Bridge][|]I'ma make a fuck nigga feel me (yeah)[|]Said I'ma do a broke bitch filthy (ah)[|]I'ma make a fuck nigga feel me (grrr)[|]I'ma do a broke bitch filthy (grrr)[|][Chorus][|]We gon' win[|]Knock me down nine times, but I get up ten (woo)[|]Yeah, I said we gon' win[|]Knock me down nine times, but I get up ten[|]Bitch!
Bodak Yellow (Money Moves),Said little bitch, you can't fuck with me[|]If you wanted to[|]These expensive, these is red bottoms[|]These is bloody shoes[|]Hit the store, I can get them both[|]I don't wanna choose[|]And I'm quick, cut a nigga off[|]So don't get comfortable[|]Look, I don't dance now[|]I make money moves[|]Say I don't gotta dance[|]I make money move[|]If I see you and I don't speak[|]That means I don't fuck with you[|]I'm a boss, you a worker bitch[|]I make bloody moves[|]Now she say she gon' do what to who?[|]Let's find out and see, Cardi B[|]You know where I'm at[|]You know where I be[|]You in the club just to party[|]I'm there, I get paid a fee[|]I be in and out them banks so much[|]I know they're tired of me[|]Honestly, don't give a fuck 'bout who in front of me[|]Dropped two mixtapes in six months[|]What bitch working as hard as me?[|]I don't bother with these hoes[|]Don't let these hoes bother me[|]They see pictures, they say "Goals"[|]Bitch, I'm who they tryna be[|]Look, I might just chill in some BAPE[|]I might just chill with your boo[|]I might just feel on your babe[|]My pussy feel like a lake[|]He wanna swim with his face[|]I'm like "Okay"[|]I'll let him did what he want[|]He buy me Yves Saint Laurent[|]And the new whip[|]When I go fast as a horse[|]I got the trunk in the front[|]I'm the hottest in the street[|]Know you prolly heard of me[|]Got a bag and fixed my teeth[|]Hope you hoes know it ain't cheap[|]And I pay my mama bills[|]I ain't got no time to chill[|]Think these hoes be mad at me[|]Their baby father want a feel[|]Said little bitch, you can't fuck with me[|]If you wanted to[|]These expensive, these is red bottoms[|]These is bloody shoes[|]Hit the store, I can get them both[|]I don't wanna choose[|]And I'm quick cut a nigga off[|]So don't get comfortable[|]Look, I don't dance now[|]I make money moves[|]Say I don't gotta dance[|]I make money move[|]If I see you and I don't speak[|]That means I don't fuck with you[|]I'm a boss, you a worker bitch[|]I make bloody moves[|]If you a pussy you get popped[|]You a groupie, you a opp[|]Bet you come around my way[|]You can't hang around my block[|]And I just checked my accounts[|]Turns out, I'm rich, I'm rich, I'm rich[|]I put my hand above my hip[|]I bet you dip, he dip, she dip[|]I say I get the money and go[|]This shit is hot like a stove[|]My pussy glitter as gold[|]Tell that lil bitch play her role[|]I just a-rove in a Rolls[|]I just came up in a Wraith[|]I need to fill up the tank[|]No, I need to fill up the safe[|]I need to let all these hoes know[|]That none of their niggas is safe[|]I go to dinner and steak[|]Only the real can relate[|]I used to live in the P's[|]Now it's a crib with a gate[|]Roly got charms, look like frosted flakes[|]I had to let these bitches know[|]Just in case these hoes forgot[|]I just run and check the mail[|]Another check from Mona Scott[|]Said little bitch, you can't fuck with me[|]If you wanted to[|]These expensive, these is red bottoms[|]These is bloody shoes[|]Hit the store, I can get them both[|]I don't wanna choose[|]And I'm quick cut a nigga off[|]So don't get comfortable[|]Look, I don't dance now[|]I make money moves[|]Say I don't gotta dance[|]I make money move[|]If I see you and I don't speak[|]That means I don't fuck with you[|]I'm a boss, you a worker bitch[|]I make bloody moves
Money Bags,[Intro][|]Money bag[|]Give me the money bag[|]Money bag[|]I'm lookin' like a money bag[|]Money bag[|]Money bag[|][Verse 1][|]I do the Maybach on Monday, Ferrari Friday[|]This is sweet pussy Saturday, that's just what God say[|]I say "bae, it's a snack", he say it's the entrée[|]With them pretty ass twins you look like Beyoncé[|][Hook][|]Lookin' like[|]Money bag, money bag, money bag (uh)[|]Money bag, money bag, money bag (woo!)[|]Money bag, money bag, money bag (get it)[|]Money bag, money bag, money bag[|][?] from the front, I got it behind me[|]And I park my Bentley truck on my Versace driveway[|][Verse 2][|]Everythin' your nigga want, I'm like a walkin' wishlist[|]I don't understand what this hate is about[|]How you gon' suck yo man dick with my name in yo mouth?[|][Hook][|]Lookin' like[|]Money bag, money bag, money bag (uh)[|]Money bag, money bag, money bag (woo!)[|]Money bag, money bag, money bag (get it)[|]Money bag, money bag, money bag[|][?] from the front, I got it behind me[|]And I park my Bentley truck on my Versace driveway[|]These bitches salty, they sodium[|]They jelly, petroleum[|]Always talkin' in the background[|]But never come to the podium[|]Chef Cardi B, I'm cookin' up[|]I see your bitch at the stove again[|]While ya hoes were sleepin' on me[|]I made 40 bags by 4 pm
I Like It [Dillon Francis Remix],Yeah baby, I like it like that[|]You gotta believe me when I tell you[|]I said I like it like that[|]You gotta believe me when I tell you[|]I said I like it like[|]Now I like dollars, I like diamonds[|]I like stunting, I like shining[|]I like million dollar deals[|]Where's my pen? Bitch I'm signin'[|]I like those Balenciagas, the ones that look like socks[|]I like going to the jeweler, I put rocks all in my watch[|]I like texts from my exes when they want a second chance[|]I like proving niggas wrong, I do what they say I can't[|]They call me Cardi Bardi, banging body[|]Spicy mami, hot tamale[|]Hotter than a Somali, fur coat, Ferrari[|]Hop out the stu', jump in the coupe (the coupe)[|]Big Dipper on top of the roof[|]Flexing on bitches as hard as I can[|]Eating halal, driving the Lam'[|]Told that bitch I'm sorry though[|]'Bout my coins like Mario (Mario)[|]Yeah they call me Cardi B, I run this shit like cardio[|]Oh, facts[|]Diamond district in the Jag' (I said I like it like that)[|]Certified, you know I'm gang, gang, gang, gang (I said I like it like)[|]Drop the top and blow the brains (I said I like it like that)[|]Oh he's so handsome, what's his name? (I said I like it)[|]Oh I need the dollars (I said I like it like that) (ch-ching)[|]Beat it up like piñatas (I said I like it like)[|]Tell the driver, close the curtains (I said I like it like that)[|]Bad bitch make him nervous (I said I like it)[|]Cardi B[|]Chambean, chambean, pero no jalan (¡jalan!)[|]Tú compras to'a las Jordan, bobo, a mí me las regalan (jejeje)[|]I spend in the club (wuh), what you have in the bank (yeh)[|]This is the new religion, bang, en latino gang, gang, yeh[|]Trato de hacer dieta (yeh)[|]Pero es que en el closet tengo mucha grasa (wuh)[|]Ya mude la Gucci pa' dentro de casa, yeh (¡wuh!)[|]Cabrón, a ti no te conocen ni en Plaza (no)[|]El Diablo me llama pero Jesucristo me abraza[|]Guerrero como Eddie, que viva la raza (yeh)[|]Me gustan boricuas, me gustan cubanas (rrr)[|]Me gusta el acento de las colombianas (¿qué hubo pues?)[|]Cómo mueve el culo la dominicana (¿qué lo que?)[|]Lo rico que me chingan las venezolanas (woo!)[|]Andamos activos, Perico Pin Pin (woo)[|]Billetes de cien en el maletín (ching)[|]Que retumbe el bajo, Bobby Valentin, yeh (boo)[|]Aquí es prohibido amar, diles Charytín[|]Que pa'l picor les tengo Claritin[|]Yo llego a la disco y se forma el motín (rrr)[|]Diamond district in the Jag' (I said I like it like that)[|]Bad Bunny, baby, be, be, be, be[|]Certified, you know I'm gang, gang,[|]gang, gang (I said I like it like-)[|]Drop the top and blow the brains (I said I like it like that)[|]Oh he's so handsome, what's his name? (I said I like it)[|]Oh I need the dollars (I said I like it like that)[|]Beat it up like piñatas (I said I like it like)[|]Tell the driver, close the curtains (I said I like it like that)[|]Bad bitch make him nervous (I said I like it)[|]Como Celia Cruz tengo el azúcar (azúca')[|]Tu jeva me vio y se fue de pecho como Jimmy Snuka (ah)[|]Te vamos a tumbar la peluca[|]Y arranca pa'l carajo cabrón[|]Que a ti no te vo'a pasar la hookah (hookah, hookah)[|]Mis tenis Balenciaga, me reciben en la entrada (woo)[|]Pa-pa-pa-pa-razzi, like I'm Lady Gaga (woo)[|]Y no te me hagas (ey)[|]Que en cover de Billboard tú has visto mi cara (ey)[|]No salgo de tu mente[|]Donde quieras que viajes has escuchado "Mi Gente"[|]Yo no soy high (high), soy como el Testarossa ('rossa)[|]Soy el que se la vive y también el que la goza (goza, goza)[|]Es la cosa, mami es la cosa (cosa, cosa)[|]El que mira sufre y el que toca goza (goza, goza)[|]I said I like it like that[|]I said I like it like that (rrr)[|]I said I like it like that (woo)[|]I said I like it like that[|]Diamond district in the Jag (I said I like it like that)[|]Certified, you know I'm gang, gang,[|]gang, gang (I said I like it like-)[|]Drop the top and blow the brains (I said I like it like that)[|]Oh he's so handsome, what's his name? (I said I like it)
Bodak Yellow (Latin Trap Remix),Hah, it's Cardi, ayy[|]Said, "I'm the shit, they can't fuck with me if they wanted to"[|]Umm...[|]Said, "Lil bitch, you can't fuck with me ni aunque tú quieras" (ooh)[|]That's a fact, Cardi B y de el trap soy la mamá (ooh)[|]Hit the store y compro todo lo que quiera comprar (ching)[|]I'm a boss, you a worker, yo alante y tú atrás, ooh (yeah)[|]Esta canción no es pa' mi curi y mi cuero, ooh (ooh)[|]Un show mío lo que tú haces en un año entero[|]Si me ves no me saludes, tú y yo no somos amigas (ah-hah)[|]Si tú no haces dinero tú no eres de la mía (bah)[|]¿Dique que tú puedes contra mi?[|]Vamo' averiguar, vamo' allá[|]Soy rapera y también yo se pelear (ooh, ooh)[|]You in the club, tú chapeando, yo llegando y cobrando (blah)[|]Siempre 'toy depositando, tan' cansa' de mi en el banco (ooh)[|]E' verdad, no me importa a quien yo le caiga mal (ooh)[|]Llevo dos mixtapes en seis meses, nadie me puede parar (yeah)[|]I don't bother with these hoes[|]Don't let these hoes bother me (yeah)[|]All these bitches son mis hijas, to'as se copian de mi (blah)[|]Mira, yo me robo a tu novio—ooh—, hago coro con tu esposo[|]Tu jevo ta' afisia'o, se que lo tengo sabroso[|]Yo se lo pongo en el paso[|]I'm like, "Okay" (okay)[|]Yo le pido lo que quiera[|]El me compra mi cartera y una jeepeta (yeah)[|]Lo tengo tan afisiado que hasta me paga mi renta (vroom, pew)[|]Soy la má' dura en la calle, know you prolly heard of me[|]Me busca, me arreglé los dientes[|]Hope you hoes know it ain't cheap (ching)[|]Pagó la renta de mi madre y no dependo de nadie (yeah, blah)[|]Si no hablas de dinero es mejor que ni me hables (ooh)[|]Said, "Lil bitch, you can't fuck with me ni aunque tú quieras" (ooh)[|]That's a fact, Cardi B y de el trap soy la mamá (ooh)[|]Hit the store y compro todo lo que quiera comprar (ching)[|]I'm a boss, you a worker, yo alante y tú atrás, ooh (yeah)[|]Esta canción no es pa' mi curi y mi cuero, ooh (ooh, cuero)[|]Un show mío lo que tú haces en un año entero (año entero)[|]Si me ves no me saludes, tú y yo no somos amigas (ah-hah, nope)[|]Si tú no haces dinero tú no eres de la mía (bah)[|]¿Dique que tú crees que tú puedes contra mi? Suelta eso bi[|]Nigga, please, to mis show son pago, ninguno gratis[|]Créeme a mí, no hagas que yo coja aquí un felony[|]I'm the big beef for well, these niggas know my pedigree[|]Honestly, I got bad bitches that wanna fuck with me[|]Suck on me, ride me crazy y dejarme seco a mi[|]Que yo no taba' sonando, que no taba' haciendo bulla[|]Disque que estaba apaga'o y pega'o con la jeva tuya (¡Ay!)[|]Ando con mi primo Lucas, un corito sano y con pa'l de putas[|]Lo que tu gasta' una noche en botellas[|]Eso yo lo ga'to en refilles de hooka[|]Lo cueros dicen Messiah ta' de pinga[|]Porque nos da y después se embala[|]A lo mejor ella pensaba que yo iba a darle y después mudarla[|]Andamo' en la calle, osea en la yesca (skrrr)[|]Andamo' fumando [?] purple haze en mi yelba[|]Hablan mierda a tu espalda y cuando te ven ellos no dicen na'[|]Ando mi hermano DJ [?][|]And tonight we gonna shake the block[|]Said, "Lil bitch, you can't fuck with me ni aunque tú quieras" (yeah)[|]That's a fact, Cardi B y de el trap soy la mamá[|]Hit the store y compro todo lo que quiera comprar[|]I'm a boss, you a worker, yo alante y tú atrás, ooh[|]Esta canción no es pa' mi curi y mi cuero, ooh[|]Un show mío lo que tú haces en un año entero[|]Si me ves no me saludes, tú y yo no somos amigas[|]Si tú no haces dinero tú no eres de la mía, ooh
Bodak Yellow (Y2K Remix),Said little bitch, you can't fuck with me[|]If you wanted to[|]These expensive, these is red bottoms[|]These is bloody shoes[|]Hit the store, I can get them both[|]I don't wanna choose[|]And I'm quick, cut a nigga off[|]So don't get comfortable[|]Look, I don't dance now[|]I make money moves[|]Say I don't gotta dance[|]I make money move[|]If I see you and I don't speak[|]That means I don't fuck with you[|]I'm a boss, you a worker bitch[|]I make bloody moves[|]Now she say she gon' do what to who?[|]Let's find out and see, Cardi B[|]You know where I'm at[|]You know where I be[|]You in the club just to party[|]I'm there, I get paid a fee[|]I be in and out them banks so much[|]I know they're tired of me[|]Honestly, don't give a fuck 'bout who in front of me[|]Dropped two mixtapes in six months[|]What bitch working as hard as me?[|]I don't bother with these hoes[|]Don't let these hoes bother me[|]They see pictures, they say "Goals"[|]Bitch, I'm who they tryna be[|]Look, I might just chill in some BAPE[|]I might just chill with your boo[|]I might just feel on your babe[|]My pussy feel like a lake[|]He wanna swim with his face[|]I'm like "Okay"[|]I'll let him did what he want[|]He buy me Yves Saint Laurent[|]And the new whip[|]When I go fast as a horse[|]I got the trunk in the front[|]I'm the hottest in the street[|]Know you prolly heard of me[|]Got a bag and fixed my teeth[|]Hope you hoes know it ain't cheap[|]And I pay my mama bills[|]I ain't got no time to chill[|]Think these hoes be mad at me[|]Their baby father want a feel[|]Said little bitch, you can't fuck with me[|]If you wanted to[|]These expensive, these is red bottoms[|]These is bloody shoes[|]Hit the store, I can get them both[|]I don't wanna choose[|]And I'm quick cut a nigga off[|]So don't get comfortable[|]Look, I don't dance now[|]I make money moves[|]Say I don't gotta dance[|]I make money move[|]If I see you and I don't speak[|]That means I don't fuck with you[|]I'm a boss, you a worker bitch[|]I make bloody moves[|]If you a pussy you get popped[|]You a groupie, you a opp[|]Bet you come around my way[|]You can't hang around my block[|]And I just checked my accounts[|]Turns out, I'm rich, I'm rich, I'm rich[|]I put my hand above my hip[|]I bet you dip, he dip, she dip[|]I say I get the money and go[|]This shit is hot like a stove[|]My pussy glitter as gold[|]Tell that lil bitch play her role[|]I just a-rove in a Rolls[|]I just came up in a Wraith[|]I need to fill up the tank[|]No, I need to fill up the safe[|]I need to let all these hoes know[|]That none of their niggas is safe[|]I go to dinner and steak[|]Only the real can relate[|]I used to live in the P's[|]Now it's a crib with a gate[|]Roly got charms, look like frosted flakes[|]I had to let these bitches know[|]Just in case these hoes forgot[|]I just run and check the mail[|]Another check from Mona Scott[|]Said little bitch, you can't fuck with me[|]If you wanted to[|]These expensive, these is red bottoms[|]These is bloody shoes[|]Hit the store, I can get them both[|]I don't wanna choose[|]And I'm quick cut a nigga off[|]So don't get comfortable[|]Look, I don't dance now[|]I make money moves[|]Say I don't gotta dance[|]I make money move[|]If I see you and I don't speak[|]That means I don't fuck with you[|]I'm a boss, you a worker bitch[|]I make bloody moves
Bronx Season,Oh, how you doing?[|]I'm alright[|]Now how much times do I gotta prove these niggas wrong?[|]And how much times I gotta show these bitches I ain't soft?[|]How many shows I gotta sell out 'fore you get the cost?[|]Why they really tryna front like I ain't hit the charts?[|]All these labels, throwing deals from left to right[|]But I ain't giving in until they get them numbers right[|]All these people think that this shit happen overnight[|]All that flexin' they be doing[|]Shit is all a hype[|]No tolerance for a hating bitch[|]Talking shit[|]Only time I hold my tongue is when I'm sucking dick[|]So when I see you in the streets, yeah, it's fucking lit[|]And don't be talking all that sorry shit[|]Don't flip the script[|]I see the lights[|]I hear the hype[|]I hit the mic[|]I kill the show[|]I get my dough[|]I catch a flight[|]I see a hater[|]I'm running down[|]It's on sight[|]I throw my hands[|]I hit em' left[|]I hit em' right[|]They sleeping on me just because I used to strip[|]But it's all good cause now they wanna get up in my VIP[|]Blowing up my phone[|]Saying everything I touch is lit[|]Acting cool and wanna fuck me[|]Like they wasn't talking shit[|]I let em' live[|]Let the shady motherfuckers live[|]Get them the price then it's time to show em' what it is[|]Don't got the bat?[|]Well then what you really tryna pitch?[|]Don't waste my time[|]I ain't never been no average bitch[|]Not to mention[|]I did my tour and that shit was winning[|]Independent, the headline[|]Award of feeling[|]I thank the Lord for all the blessings that he is given[|]I love the fans[|]They fill me up with their ammunition[|]I don't really talk shit but now I gotta off this[|]I don't know why bitches think we work in the same office[|]Corny bitches tryna keep up?[|]Look exhausted[|]Wave the white flag[|]Girl, you might as well just forfeit[|]My ex told me I was never gon' be shit[|]Lookie, lookie now[|]Lookie now[|]Nigga I'm that bitch[|]What you thought?[|]Yeah, you really lost[|]Now you kinda sick[|]But I ain't never need a nigga[|]I was always on my shit[|]I used to stare at magazines[|]On the train[|]Looking at these models[|]Like "I gotta be this one day"[|]Fuck around[|]Got myself a name[|]Now I'm getting paid[|]Left the corny bitches in the grave[|]Now they throwing shade
Stylin',[Hook][|]Stylin' on these hoes, I'm stylin' on these hoes[|]I be stylin' on these hoes, I'm stylin' on these hoes[|][?] wrist full of gold[|]I be stylin' on these niggas, stylin' on these hoes[|]Grind up a check, got it at the store[|]Runnin' through the checks till the club close[|]Stylin' on these niggas, stylin' on these hoes[|]I be stylin' on these bitches, stylin' on these hoes[|][Verse 1][|]I gotta get it, I need the chicken, I need the bread[|]That's why I'm workin' and I'm in the Benz 'cause you in the bed[|]Bitches is sleepin', fuck is they thinkin'? What is you doin'?[|]Then they be mad, lookin' at me like I did something to 'em, uh[|]Bank account on racks, pussy still on drip drop[|]Put this pussy on wax, took me straight to the tip top[|]I might race with the Wraith, ain't no space in the safe[|]Next bitch in my face catchin' case, catchin' case[|]But anywho, anywho, Birkin bag, Jimmy Choos[|]All my bitches say "Aaw!", all my guns go "Boom!"[|]More guns than the warden, smack hoes with my Jordans[|]Pussy's floodin' New Orleans, kiss a bitch and I'm gorgeous[|]Never been no pussy, yo, I'm always with the shits[|]I ain't never been no dirty broad but now I'm filthy rich, bitch bitch![|][Hook][|]Stylin' on these hoes, I'm stylin' on these hoes[|]I be stylin' on these hoes, I'm stylin' on these hoes[|][?] wrist full of gold[|]I be stylin' on these niggas, stylin' on these hoes[|]Grind up a check, got it at the store[|]Runnin' through the checks till the club close[|]Stylin' on these niggas, stylin' on these hoes[|]I be stylin' on these bitches, stylin' on these hoes[|][Verse 2][|]Money, money, money, money's all I think of[|]I swear to God, I wake up and get the green stuff[|]You put your money on these hoes, get your refund[|]I just got my nails did, I just got my weave done[|]If you want a fly press put Bardi on that shit[|]I just bought a new gun, put a body on that shit[|]She upset again, I'm away in the lobby for that bitch[|]I got my bitch and a man that can buy me all that shit[|]You can find my fine ass[|]Bath tub with a wine glass[|]All these hoes wanna bring me down[|]I don't never ever mind that[|]Can you show me where your money is?[|]'Cause I know where mine's at[|]All the energy you put in me[|]You just tryna get to top back[|]Maybe I been on some conceited shit[|]'Cause I don't need a bitch[|]Blast off, I don't feed a bitch[|]That's how I treat a bitch[|]In my hood I got hella stripes[|]Straight Adidas shit[|]Hope she got the same energy[|]When I see that bitch, bitch![|][Hook][|]Stylin' on these hoes, I'm stylin' on these hoes[|]I be stylin' on these hoes, I'm stylin' on these hoes[|][?] wrist full of gold[|]I be stylin' on these niggas, stylin' on these hoes[|]Grind up a check, got it at the store[|]Runnin' through the checks till the club close[|]Stylin' on these niggas, stylin' on these hoes[|]I be stylin' on these bitches, stylin' on these hoes
Ring Ring Ring,[Intro: Kehlani][|]Ooh, ooh[|]Ring, ring, ring, ring[|][Chorus: Kehlani][|]You don't hit my line no more, oh, oh[|]You don't make it ring, ring, ring, ring[|]I can't keep this on the low[|]I want you to make it ring, ring, ring, ring[|][Verse 1: Cardi B][|]Should I call first? I can't decide[|]I want to, but a bitch got pride[|]The switchin' up shit is what I can't fuck with[|]I'm feelin' you but you hard to get in touch with[|]And you ain't hit me up in a while[|]Actin' like you don't know what number to dial[|]You quit, then that's it, I'ma throw in the towel[|]'Cause a nigga only goin' through what you allow[|]You don't want this gun smoke[|]Learn to text with your nose if your thumb broke[|]I don't care if we gettin' to it and I stall on your ass[|]But I still wake up from missed calls from your ass, nigga[|][Chorus: Kehlani][|]You don't hit my line no more, oh, oh[|]You don't make it ring, ring, ring, ring[|]I can't keep this on the low[|]I want you to make it ring, ring, ring, ring[|][Verse 2: Cardi B][|]Nah, nigga now you gon' have to call me (call me)[|]'Cause I'm lookin' at these messages, they on me (yeah)[|]Actin' like they ain't niggas that want me[|]Let another nigga in your spot, and you gon' be hot, nigga, coffee[|]You gon' be sick to your stomach, hit me when you free, 1-800[|]It's emergency, call me 911 'cause right now I'm out here tryna find someone[|]So the ring on my phone, ring on my finger (brrr)[|]You actin' like you ain't tryna do either (yeah)[|]What's a good girl? Watch me turn diva[|]Here goes my heart, I put it on speaker (oh)[|][Chorus: Kehlani][|]You don't hit my line no more, oh, oh[|]You don't make it ring, ring, ring, ring[|]I can't keep this on the low[|]I want you to make it ring, ring, ring, ring[|][Verse 3: Kehlani][|]You used to be on my line, on my tick all the time, yeah[|]Love it when you make me feel[|]Like you don't mind when I ain't got time for you[|]You know it don't go to my head, I'm only here again in bed[|]I just love to know you wanna spend time with me instead[|]Now you all caught up, yeah, you all caught up, now you done left me alone, yeah[|]You was all fed up, ready for the next step, wanna be on your own[|]Said I just miss you, I just miss us, baby[|]All I know is[|][Chorus: Kehlani][|]You don't hit my line no more, oh, oh[|]You don't make it ring, ring, ring, ring (you don't make it ring, baby)[|]I can't keep this on the low (yeah, yeah, oh)[|]I want you to make it ring, ring, ring, ring
