Love Lies,Sorry if it's hard to catch my vibe, mmm[|]I need a lover to trust, tell me you're on my side[|]Are you down for the ride?[|]It's not easy for someone to catch my eye[|]But I've been waitin' for you for my whole damn life[|]For my whole lifetime[|]Don't be afraid to tell me if you ain't with it (you ain't with it)[|]I see you're focused, yeah you're so independent (independent)[|]It's hard for me to open up, I'll admit it (I'll admit it)[|]You got some shit you're sayin', help me to listen[|]So baby, tell me where your love lies[|]Waste the day and spend the night[|]Underneath the sunrise[|]Show me where your love lies[|]I've been so into your mystery[|]Is it because of our history?
Young Dumb & Broke,So you're still thinking of me[|]Just like I know you should[|]I can not give you everything, you know I wish I could[|]I'm so high at the moment[|]I'm so caught up in this[|]Yeah, we're just young, dumb and broke[|]But we still got love to give[|]While we're young dumb[|]Young, young dumb and broke[|]Young dumb[|]Young, young dumb and broke[|]Young dumb[|]Young dumb[|]Young, young dumb and broke[|]Young dumb broke high school kids[|]Yadadadadadadada[|]Yadadadadadada[|]Yadadadadadadada[|]Young dumb broke high school kids[|]We have so much in common[|]We argue all the time[|]You always say I'm wrong[|]I'm pretty sure I'm right[|]What's fun about commitment?[|]When we have our life to live[|]Yeah, we're just young dumb and broke[|]But we still got love to give[|]While we're young dumb[|]Young, young dumb and broke[|]Young dumb[|]Young, young dumb and broke[|]Young dumb[|]Young, young dumb and broke[|]Young dumb broke high school kids[|]Yadadadadadadada[|]Yadadadadadada[|]Yadadadadadadada[|]Young dumb broke high school kids[|]Jump and we think - do it all in the name of love[|]Love[|]Run into sin, do it all in the name of fun[|]Fun[|]Whoa-oa-oa[|]I'm so high at the moment[|]I'm so caught up in this[|]Yeah, we're just young, dumb and broke[|]But we still got love to give[|]While we're young dumb[|]Young, young dumb and broke[|]Young dumb[|]Young, young dumb and broke[|]Young dumb[|]Young dumb[|]Young, young dumb and broke[|]Young dumb broke high school kids[|]Yadadadadadadada[|]Yadadadadadada[|]Yadadadadadadada[|]Young dumb broke high school kids
OTW,[Intro: Khalid][|]Na, na, na, na, ooh[|]Oh, no, oh, ayy[|][Chorus: Khalid][|]Put it in drive, I'll be outside, I'll be on the way[|]I'll be on the way[|]You can meet me in five, I'll be online, I'll be a-all day[|]I'll be a-all day[|]Put it in drive, I'll be outside, I'll be on the way[|]I'll be on the way[|]You can meet me in five, I'll be online, I'll be a-all day[|]I'll be a-all day[|][Verse 1: Khalid][|]Yeah, yeah, yeah[|]This the type of shit that you been waiting all year for[|]Making sounds for a minute, if you with it (yeah)[|]Got a lot of time, I just need somewhere to spend it[|]I just press a button and the top go missing[|]I kept the slip so you know it's not rented, yeah, oh, oh[|]What you wanna do?[|]Worried 'bout your friends, they saw you this afternoon[|]I been reading your mind[|]No fair, but you gotta let me know[|]I'm all ears and I got a lot of room in my whip[|]If you wanna take it there, I'm on my way[|][Chorus: Khalid][|]Put it in drive, I'll be outside, I'll be on the way[|]I'll be on the way[|]You can meet me in five, I'll be online, I'll be a-all day[|]I'll be a-all day[|]Put it in drive, I'll be outside, I'll be on the way[|]I'll be on the way[|]You can meet me in five, I'll be online, I'll be a-all day[|]I'll be a-all day[|][Verse 2: Ty Dolla $ign][|](Dolla $ign, Dolla $ign)[|]Drop top the Porsche, put that bitch in sport[|]Out here in the field, oh yeah (yeah)[|]I'm already here, yeah[|]Come outside, looking like a snack[|]Hurry up, get in, hell yeah (yeah)[|]Come with me on this mission (ooh yeah, ooh yeah)[|]Riding down the coast (ooh yeah)[|]I want that for sure (ooh yeah)[|]You say, Play Khalid (ooh yeah)[|]I say, Pass the weed (ooh yeah)[|]Pull up to the crib, oh[|]Said you've never been before[|]Put you in Provocateur[|]Girl, I made you mi amor[|]You said you left your ex, that dude was always gassy[|]You said before me, you ain't never been this happy[|]You took an L with him and winning ever since (ever since)[|]You hit my phone, I'm on my way, I got some plans, yeah, yeah[|][Chorus: Khalid][|]Put it in drive, I'll be outside, I'll be on the way[|]I'll be on the way[|]You can meet me in five, I'll be online, I'll be a-all day[|]I'll be a-all day[|]Put it in drive, I'll be outside, I'll be on the way[|]I'll be on the way[|]You can meet me in five, I'll be online, I'll be a-all day[|]I'll be a-all day[|][Verse 3: 6LACK][|]You tryna make a move, tonight I got the time[|]Tell me what you wanna do[|]Call the squad if you wanna rendezvous[|]They gon' push up on it, on it, I only got room for two[|]From the 'jects on the set, it's a Porsche, not a 'Vette, I confess, I'ma flex[|]Ayy, show some respect[|]Get away so we can make sense of your life[|]You was in park but I just put your shit in drive[|]Now coast like there's no tomorrow[|]Moving too fast, I'm hoping to drive slow (yeah)[|]I don't want you to wonder where I go[|]Can learn a lot from this and it's something that I know[|][Chorus: Khalid][|]Put it in drive, I'll be outside, I'll be on the way[|]I'll be on the way[|]You can meet me in five, I'll be online, I'll be a-all day[|]I'll be a-all day[|]Put it in drive, I'll be outside, I'll be on the way[|]I'll be on the way[|]You can meet me in five, I'll be online, I'll be a-all day[|]I'll be a-all day
Coaster,As time passes, I feel so low[|]Searchin' for pieces, covering up the hole[|]I'll fight for your love, I'll fight for your soul[|]I'll throw all of my cares away for you[|]I'll be there to wait for you[|]Maybe you weren't the one for me[|]But deep down I wanted you to be[|]I'll still see you in my dreams[|]All the things that I did for you, just wasn't it for you[|]So I'll be coasting, roller-coasting[|]Through my emotion[|]I will be coasting, roller-coasting[|]I'm hoping that you'll come back to me[|]Moving on seems harder to do[|]When the one that you love moves faster than you[|]I gave you my all, I showed the proof of your lies[|]And you weren't worth it, you don't deserve me[|]As time passes I'm feeling high[|]You're not the one I'm thinking of tonight[|]I may not be over you, but I'll try inside[|]I'm feeling better now, finally feeling special now, oh[|]Coasting, roller-coasting[|]In my emotions, oh[|]I'll be coasting, roller-coasting[|]I noticed you weren't the one for me[|]You weren't the one for me[|]You weren't the one for me[|]You weren't the one for me[|]You weren't the one for me[|]Weren't the one for me[|]You weren't the one[|]You weren't the one for me[|]So don't come back to me, no[|]No, don't come back to me, no[|]No, don't come back to me[|]No, don't come back to me, no[|]No, don't come back to me[|]You weren't the one for me[|]You weren't the one for me[|]You weren't the one for me[|]You weren't the one for me
Location,Send me your location, let's[|]Focus on communicating[|]'Cause I just need the time and place to come through (place to come through)[|]Send me your location[|]Let's ride the vibrations[|]I don't need nothing else but you[|]At times I wonder why I fool with you[|]But this is new to me, this is new to you[|]Initially, I didn't wanna fall for you[|]Gather my attention it was all for you, so don't[|]Take advantage, don't leave my heart damaged[|]To understand that things go a little bit better when you plan it... oh[|]So won't you send me your location, let's[|]Focus on communicating[|]'Cause I just need the time and place to come through (place to come through)[|]Send me your location[|]Let's ride the vibrations[|]I don't need nothing else but you[|]I don't wanna fall in love off of subtweets, so[|]Let's get personal[|]I got a lot of cool spots that we can go[|]Tell me what's the move and I got you[|]I'm only acting like this 'cause I like you[|]Just give me the vibe to slide then[|]Oh, I might make you mine by the night, and[|]Send me your location, let's[|]Focus on communicating[|]'Cause I just need the time and place to come through (place to come through)[|]Send me your location[|]Let's ride the vibrations[|]I don't need nothing else but you[|]Ride, ride, ride, come and vibe with me tonight[|]I don't need nothing else but you[|](I don't need nothing else but you)[|]Ride, ride, ride, come and vibe with me tonight[|]I don't need nothing else but you[|]Nothing else but you[|]Do, do, do, do, do, do[|]Oh, oh, mmm, mmm, mmm, mmm[|]Oh, oh, oh[|]Oh, oh, oh, mmm, mmm, mmm[|]Do, do, do, do, do, do, do[|]Do, do, do, do, do, do, do[|]I don't need nothing else but you
Stay,Oh, oh, oh, oh[|]In the back of my mind I know it's hard on us[|]But to tell you the truth there's no more love, no more love[|]It's not easy to say you're giving up[|]And I've been losing count[|]When the seconds turn to minutes into hours[|]You've been working 9 to 5[|]So it was hard to find the time for me, yeah[|]Are we gonna be alright[|]If I come through tonight[|]Baby can I stay a while[|]It's hard to say goodbye when I'm leaving, yeah[|]Let me inside, go 9 to 5[|]Just know I'm coming home for a reason[|]Baby can I stay a while[|]It's hard to say goodbye when I'm leaving[|]Let me inside, go 9 to 5[|]Just know I'm coming home for a reason[|]Baby can I stay a while[|]All the shit that you say, do you mean it?[|]And when you tell me you love me do you believe it?[|]I can see it in your eyes you've had enough of it[|]And I've been missing out[|]When the seconds turn to minutes into hours[|]Working 9 to 5 cause it's hard to find the time for me, yeah[|]Are we gonna be alright[|]If I come through tonight, yeah[|]Baby can I stay a while[|]It's hard to say goodbye when I'm leaving[|]Let me inside, go 9 to 5[|]Just know I'm coming home for a reason[|]Baby can I stay a while[|]It's hard to say goodbye when I'm leaving[|]Let me inside, go 9 to 5[|]Just know I'm coming home for a reason[|]Baby can I stay a while[|]Baby can I stay a while[|]It's hard to say goodbye when I'm leaving[|]Let me inside, go 9 to 5[|]Just know I'm coming home for a reason[|]Baby can I stay a while[|]It's hard to say goodbye when I'm leaving[|]Let me inside, go 9 to 5[|]Just know I'm coming home for a reason[|]Baby can I stay a while
American Teen,Living the good life full of goodbyes[|]My eyes are on the grey skies[|]Saying I don't want to come home tonight[|]Yeah, and I'm high up, off what?[|]I don't even remember[|]But my friend passed out in the Uber ride[|]Oh, I'm from the city of the 9-1-5[|]Where all the girls are pretty[|]And they're down for the hype[|]All my boys are with me[|]Going up for the night[|]But who cares, who cares[|]'Cause this is our year[|]So wake me up in the spring[|]While I'm high off my American dream[|]We don't always say what we mean[|]That's the lie of an American teen[|]Maybe the end is near[|]But I've been waiting all year[|]To get the hell up out of here[|]And throw away my fears[|]I'm so faded (I'm so faded)[|]Off of all the things that I've taken, and[|]Maybe I'm not really drunk[|]Maybe I'm really good at faking[|]From the city of the 9-1-5[|]Where all the girls are pretty[|]And they're down for the hype[|]All my boys are with me[|]Going up for the night[|]But who cares, who cares[|]'Cause this is our year[|]So wake me up in the spring[|]While I'm high off my American dream[|]We don't always say what we mean[|]That's the lie of an American teen[|]My youth is the foundation of me[|]Living life as an American teen (American teen)[|]American teen[|]Mmm, oh yeah[|]We don't always say what we mean[|]When we're high off our American teen[|]My youth is the foundation of me[|]Oh, I'm proud to be American[|]So wake me up in the spring[|]While I'm high off my American (American dream)[|]And we don't always say what we mean[|]It's the lie of an American teen[|]My youth is the foundation of me[|]Living life as an American teen[|]American teen (American teen)[|]American Teenager[|]And I'll be living this dream with you[|]We don't always say what we mean[|]When we're high off our American teen[|]My youth is the foundation of me[|]Oh, I'm proud to be American
Young Dumb & Broke (Remix),So you're still thinking of me[|]Just like I know you should[|]I can not give you everything, you know I wish I could[|]I'm so high at the moment[|]I'm so caught up in this[|]Yeah, we're just young, dumb and broke[|]But we still got love to give[|]While we're young dumb[|]Young, young dumb and broke[|]Young dumb[|]Young, young dumb and broke[|]Young dumb[|]Young, young dumb and broke[|]Young dumb broke high school kids[|]Yadadadadadadada[|]Yadadadadadada[|]Yadadadadadadada[|]Young dumb broke high school kids[|]We kept our last few hundreds (yeah)[|]Spread out just like a fan (hey)[|]She memorized my number (ooh)[|]Same one from 2010 (oh, yah)[|]And we're living it up, forget about sorrow (oh)[|]Party all night (night)[|]Same time tomorrow[|]Keeping my cool (cool)[|]Making my moves (ooh)[|]Young, dumb and broke, dreams coming true[|]While we're young dumb[|]Young, young, dumb and broke[|]Young dumb[|]Young, young, dumb and broke[|]Young dumb[|]Young, young, dumb and broke[|]Young, dumb, broke high school kids[|]Yadadadadadadada[|]Yadadadadadada[|]Yadadadadadadada[|]Young, dumb, broke high school kids[|]We have so much in common[|]We argue all the time[|]You always say I'm wrong[|]I'm pretty sure I'm right[|]What's fun about commitment?[|]When we have our life to live (hey!)[|]Yeah, we're just young, dumb and broke (skrt, skrt!)[|]But we still got love to give (Uncle Jim, aye)[|]Never thought it would be like this (SremmLife)[|]I never thought it could be like this (woo!)[|]Remember when I used to drive the hoopty, oh yeah (yeah)[|]I'm coming in that Lamb' I'm 'bout to scoop you, oh yeah[|]I know the last time that you see me I was broke [|]Pull up for my city, graduated blue and gold [|]Don't tell me how to do it, you ain't did this shit before [|]Y'all niggas winning if you watching peep the scope[|]We get it while we young dumb[|]While we're young dumb[|]Young, young, dumb and broke[|]Young, dumb[|]Young, young, dumb and broke[|]Young, dumb[|]Young, young, dumb and broke[|]Young, dumb, broke high school kids[|]Yadadadadadadada[|]Yadadadadadada[|]Yadadadadadadada (Lil Boat)[|]Young, dumb, broke high school kids (Lil Boat, Lil Boat)[|]Young, dumb and broke (yah)[|]Back in high school Boat was so emotional[|]Now I'm super rich and everything I do is so promotional (yah)[|]I didn't finish college, so my momma thought I wouldn't be shit[|]I had to prove her wrong (yah)[|]That's why I talk about her now in every single song[|]Had to struggle for a while (I did)[|]Just so I could live it up when it's time to live (ok)[|]I knew something had to give (yah)[|]Broke as hell using Lyft (why?)[|]I could never get a lift, now they all want one from me (damn)[|]Stay away from the thing, it's a message from the King of the Teens[|]While we're young, dumb[|]Young, young, dumb and broke (Lil Boat)[|]Young, dumb[|]Young, young dumb and broke[|]Young dumb[|]Young, young, dumb and broke[|]Young, dumb, broke high school kids[|]Yadadadadadadada[|]Yadadadadadada[|]Yadadadadadadada[|]It's the American Teen and the King of the Teens[|]Young, dumb broke high school kids
This Way,[Khalid:][|]You say I'm trippin', bullshit[|]You're the one to make me do shit[|]You're the one to make me feel it[|]The feeling of stupid[|]I was in your corner[|]When you were putting me through shit[|]Now you wanna leave[|]No, you leaving me was foolish[|]You left me this scar on my heart[|]And I left you a brand new car[|]How nice of you, the price of true love[|]True love is absolute[|]So what more can I say?[|]You make me this way[|]What more can I say?[|]You make me this way[|][H.E.R.:][|]Yeah, all of these excuses[|]Say I'm the one that made you ruthless[|]But you're the reason I'm crazy[|]And with you I feel useless[|]I let you have it[|]You took me for granted[|]Always wanna play the victim[|]When they don't know the truth is...[|][Khalid & H.E.R.:][|]You left me this scar on my heart[|][H.E.R.:][|]When I'd never take it that far (oh)[|]Why would you say that it was true love[|]If true love is absolute, what more can I say?[|][Khalid & H.E.R. (H.E.R.)][|]What more can I say?[|]You make me this way[|](You make me this way)[|]What more can I say?[|](What can I say?)[|]You make me this way[|][H.E.R.:][|]I tried to stay the night[|]You won't let me inside[|]Oh, you push me away[|]You'll never change[|]Just another fight[|]Between you and your pride[|]Oh, what more can I say?[|]What more can I?[|][Khalid (H.E.R.):][|]What more can I say? (Say)[|]You make me this way[|](You make me this way)[|]What more can I say?[|](What more?)[|]You make me this way (way)[|](What, can I?)
Shot Down,We've been here before, surrounded in the cold[|]You take me to places I've never known[|]And you push me to places I'll never go[|]I would die for you[|]Tell me the truth[|]Am I all that you would need?[|]If we're keeping it a hundred, you're all that I need for me[|]From the jump until forever from now, I would ride for you[|]But you got me shot down by love[|]You got my heart now[|]Why won't you stop now?[|]Oh I've been knocked down by you[|]You got my heart now[|]Why won't you stop now?[|]I've been through it whole[|]I've been through the worst[|]But I never knew how much our love could hurt[|]Over my family I put you first[|]Writing out my feelings is the only thing that work[|]I don't hear from the friends I thought were mine too[|]But I hold on to the poems I would write you[|]Happy seventeen, I saw us two and you saw three[|]I guess our lines are structured like a haiku[|]You got me shot down by love[|]And you got my heart now[|]Why won't you stop now?[|]Oh I've been knocked down by you[|]And you got my heart now[|]Why won't you stop now?[|]Knocked down, knocked down[|]Knocked down, knocked down[|]Knocked down[|]Knocked down[|]I've been shot down by love[|]You got my heart now[|]Why won't you stop now?[|]I've been knocked down by you[|]And you got my heart now[|]Why won't you stop now?
Reasons,Evade my intellect[|]Feed into my introspect[|]Wrap your words around my brain[|]Driving me insane[|]You found the real me[|]Save my inner being[|]Switch on me like seasons[|]Do I need to give you a reason?[|]There's millions of reasons to love you[|]There's millions of reasons[|]Give me a reason to want you[|]Give me a reason[|]Give me a reason, give me a reason, give me a reason.[|]I know you're tired of inconsistency[|]Are you into me? Are you feeling me[|]To be honest[|]I'm into you, and the way that you talk is so damn cool[|]With your love I'm on a different high I've never felt before[|]And if your love is a drug, I'm an addict cause damn I'm feigning for more[|]We been talking for a minute now[|]Let me know where your heads at, am I in it?[|]You put me on your super high[|]I want to get lost in your paradise[|]There's millions of reasons to love you[|]There's millions of reasons[|]Give me a reason to want you[|]Give me a reason[|]You give me a reason, give me a reason, give me a reason.[|]Lucid dream. In reality[|]I'm just tryna feel your gravity[|]Always fallin in love, and I'm tired of the cycle[|]We don't even need a title[|]You're always on my mind[|]It's funny how I'm thinking about you all the damn time[|]You don't got to be mine, just be mine for the night[|]I don't know what this is but it feels just right[|]I wanna make a move[|]Let me know if that sounds cool[|]All the things I'd do[|]All the things I'd do for you
8teen,Yeah![|]Ha[|]Yeah![|]Ha[|]Woke up a little too late this morning[|]But I think I'll be okay[|]I'll be okay[|]Damn, my car still smells like marijuana[|]My mom is gonna kill me[|]Gonna kill me[|]Traffic's backed up from corner to corner[|]So I guess I'll hit the highway[|]The highway[|]Shake away all the stress off my shoulders[|]Gonna have a good day[|]A good day[|]Because I'm eighteen[|]And I still live with my parents[|]Yeah they're not like yours[|]Well yours are more understanding[|]I've never fell in love[|]I saved those feelings for you[|]So let's do all the stupid shit that young kids do[|]It's me and you, ooh, ooh, ooh, ooh[|]You, ooh, ooh, ooh, ooh[|]Just me and you, ooh, ooh, ooh, ooh[|]Let's do all the stupid shit that young kids do[|]No I've never really been the smartest[|]Yeah I've made my mistakes[|]My mistakes[|]You were there when times were at their darkest[|]Always showing me the way[|]Lead the way[|]Your love seems to cut me deep, the sharpest[|]You'll always have a part of me[|]A part of me[|]Losing you has always been the hardest[|]I wish it were the old days (oh I wish it were the old days)[|]'Cause I was eighteen[|]And I still lived with my parents[|]Yeah they're not like yours[|]Well yours were more understanding[|]I never fell in love[|]I saved those feelings for you[|]When we did all the stupid shit that young kids do[|]Just me and you, ooh, ooh, ooh, ooh[|]You, ooh, ooh, ooh, ooh[|]Just me and you, ooh, ooh, ooh, ooh[|]Let's do all the stupid shit that young kids do[|]It's me and you[|]You[|]You, ooh, ooh, ooh[|]You[|]Just me and you[|]You[|]You, ooh, ooh, ooh[|]Hey...hey[|]Because I'm eighteen[|]And I still live with my parents[|]Yeah they're not like yours[|]Well yours are more understanding[|]I've never fell in love[|]I saved those feelings for you[|]So let's do all the stupid shit that young kids do[|]It's me and you, ooh, ooh, ooh, ooh[|]It's me and you, ooh, ooh, ooh, ooh[|]Just me and you, ooh, ooh, ooh, ooh[|]Let's do all the stupid shit that young kids do[|]It's me and you, ooh, ooh[|]Noooo....[|]Just me and you, ooh, ooh
Saved,2, 3, 4[|]The hard part always seems to last forever[|]Sometimes I forget that we aren't together[|]Deep down in my heart, I hope you're doing alright[|]But from time to time I often think of why you aren't mine[|]But I'll keep your number saved[|]'Cause I hope one day you'll get the sense to call me[|]I'm hoping that you'll say[|]You're missing me the way I'm missing you[|]So I'll keep your number saved[|]'Cause I hope one day I'll get the pride to call you[|]To tell you that no one else[|]Is gonna hold you down the way that I do[|]Now, I can't say I'll be alright without you[|]And I can't say that I haven't tried to[|]But, all your stuff is gone[|]I erased all the pictures from my phone[|]Of me and you[|]Heres what I'll do[|]I'll keep your number saved[|]'Cause I hope one day you'll get the sense to call me[|]I'm hoping that you'll say[|]You're missing me the way I'm missing you[|]So I'll keep your number saved[|]'Cause I hope one day I'll get the pride to call you[|]To tell you that no one else[|]Is gonna hold you down the way that I do[|]I hope you think of all the times we shared[|]I hope you'll finally realize I was the only one who cared[|]It's crazy how this love thing seems unfair[|]You won't find a love like mine anywhere[|]But I'll keep your number saved[|]'Cause I hope one day you'll get the sense to call me[|]I'm hoping that you'll say[|]You're missing me the way I'm missing you[|]So I'll keep your number saved[|]'Cause I hope one day I'll get the pride to call you[|]To tell you that no one else[|]Is gonna hold you down the way that I do[|]But I'll keep your number saved[|]'Cause I hope one day you'll get the sense to call me[|]I'm hoping that you'll say[|]You're missing me the way I'm missing you[|]So I'll keep your number saved[|]'Cause I hope one day I'll get the pride to call you[|]To tell you that I'm finally over you[|]I'm finally over you
Angels,I've been seeing angels[|]In my living room[|]That have walked the sun[|]And have slept on the moon[|]Covered in the fragrance[|]Of their own perfume[|]Telling me the stories[|]Stories coming true[|]Well you see these angels[|]These angels see the light[|]Yeah I had my troubles[|]Troubles, all right[|]I've been seeing angels[|]Oh no[|]They'll hold onto their secrets[|]And tone our memories[|]We float above horizons[|]And sail across the seas[|]I hope for better days[|]And lightly times are tough[|]The angels give me strength[|]And I'm not giving up[|]So I wipe away my tears[|]I unveil my pain[|]They're brushing off my shoulders[|]And I hold on to their stain[|]I've been seeing angels[|]Angels[|]Angels[|]Angels[|]Angels[|]Angels[|]Angels, ayy[|]Angels
Therapy,Something that you're doing has me falling all the way[|]I'm tripping off your love and all the other drugs we taking[|]Over all the others, you're the one all over me[|]I need your therapy[|]Need your therapy[|]I don't mean to come off aggressive (no)[|]I'm just here to pass off the message (yeah)[|]'Cause you were in my head when[|]I thought I lost my mind[|]But we do this every time[|]Cause there's something that you're doing has me falling all the way[|]I'm tripping off your love and all the other drugs we taking[|]Over all the others, you're the one all over me[|]I need your therapy, need your therapy[|]I'm not one for relationships[|]It's over-rated[|]We could still be lovers[|]That's all I'm saying, and[|]Over all the others, you're the one all over me[|]I need your therapy[|]Need your therapy[|]I'm fiendin' off, fiendin' off you[|]Lalalalalala[|]I'm needin', needin' you[|]Lalalalalala[|]I'm fiendin' off, fiendin' off you[|]Lalalalalala[|]I'm needin', needin' you[|]Lalalalalala[|]I hope I made the impression[|]That I was always interested[|]All the feelings I kept in[|]What should we do?[|]Whatever you want to[|]'Cause there's something that you're doing has me falling all the way[|]I'm tripping off your love and all the other drugs we taking[|]Over all the others, you're the one all over me[|]I need your therapy, need your therapy[|]I'm not one for relationships[|]It's over-rated[|]We could still be lovers[|]That's all I'm saying, and[|]Over all the others, you're the one all over me[|]I need your therapy[|]Need your therapy[|]I'm fiendin' off, fiendin' off you[|]Lalalalalala[|]I'm needin', needin' you[|]Lalalalalala[|]I'm fiendin' off, fiendin' off you[|]Lalalalalala[|]I'm needin', needin' you[|]Lalalalalala
Another Sad Love Song,I'm not the best at showing my emotions[|]You cut me deep and you left me wide open[|]I fought the demons that lie in between us[|]They'd think we're perfect if they'd ever seen us, but[|]I guess this sounds like another sad love song[|]I can't get over how it all went wrong[|]But, I let the words come together[|]Then, maybe I'll feel better[|]Bridges they are burning[|]Lover, I am worried[|]Tables they are turning[|]Lover, I am hurting[|]Burning burning burning, dadadadada[|]Turning turning turning turning, dadadadada[|]Burning burning burning, dadadadada[|]Turning turning turning turning, dadadadada[|]I took the time to think of what you said[|]You were tap-dancing in my head[|]I must be honest, I have a lot of pride[|]But I'm broken inside[|]I guess this sounds like another sad love song[|]I can't get over how it all went wrong[|]But, I let the words come together[|]Then, maybe I'll feel better[|]Bridges they are burning[|]Lover, I am worried[|]Tables they are turning[|]Lover, I am hurting[|]Bridges they are burning[|]Lover, I am worried[|]Tables they are turning[|]Lover, I am hurting[|]Burning burning burning, dadadadada[|]Turning turning turning turning, dadadadada[|]Burning burning burning, dadadadada[|]Turning turning turning turning, dadadadada[|]Burning burning burning, dadadadada[|]Turning turning turning turning, dadadadada[|]Burning burning burning, dadadadada[|]Turning turning turning turning, dadadadada[|]Bridges they are burning[|]Lover, I am worried[|]Tables they are turning[|]Lover, I am hurting[|]Bridges they are burning[|]Lover, I am worried[|]Tables they are turning[|]Lover, I am hurting
Location (Remix),Its a win baby[|]Feels like somethings missing where you been lately[|]Tryin' to tell myself that i aint' in too deep[|]Gimmie all of you and take all of me[|]This is more...[|]How the time flies no i got ways about me always in two minds eyes[|]See you sold it to me, mum he told me hes a nice guy[|]No you got your ways about you too this is new too me[|]Send me your location lets focus on communicating[|]Cuz i just need a time and place to come through[|](Place to come through oooo)[|]Send me your location lets learn the vibrations[|]I dont need nothing else but you[|]At times i wonder why i fall with you[|]But this nall of me[|]this nall of you[|]Initially i didnt want to fall for you[|]Got them all attention it was all for you[|]So dont take advantage[|]Dont leave my heart damaged to understand nothing goes a little bit better when you plan it[|]So wont you send me your location lets focus on communicating cuz i just need a time and place to come through[|]Send me your location lets learn the vibrations[|]I dont need nothing else but you[|]I dont want to fall in love off of sub tweets[|]So lets keep personal[|]Ive got alot cool spots that we can go[|]Tell me whats the move and i got you[|]Im only acting like this cuz i like you[|]Just give me the vibe too slide in[|]oh am i making mind by the night[|]send me your location lets focus on communicating cuz i just need a time and place to come through[|]Oh you say its all you need so you can take control and baby ill float your lid[|]You say its best too plan it through well boy i dont agree[|]The best things happen unplanned a result of you and me[|]This is more than they can teach[|]Meet me summer off the map[|]Ill share my location when noone else So dont be late[|]its undecided that will determin our fate[|]Boy would you mind if we continue this upper space[|]Earth has never been it for me
Love Lies (Rick Ross Remix),[Intro][|](M, M, M)[|]Young Rezel, Khalid, Normani[|](Maybach Music)[|][Verse 1: Rick Ross][|]The curtains drawn, shawty X-rated[|]Your purpose grown, the world's greatest[|]I see no flaws, so let's face it (huh)[|]No Roseanne bars, despite the ratings[|]She's independent (huh), I'm willing to spend it[|]Let me book the flight (boss), [?] the night[|]Before we turn the pace all we need [?][|]You inspire so much that I write[|]She's my van Gogh, such a work of art[|]This where my love lies in this sensitive heart[|]So what's your name? Tell me your number[|]This such a cold game, you all I want this summer[|][Chorus: Khalid & Normani][|]So baby, tell me where your love lies[|]Waste the day and spend the night[|]Underneath the sunrise[|]Show me where your love lies[|][Verse 2: Khalid][|]Sorry if it's hard to catch my vibe, mmm[|]I need a lover to trust, tell me you're on my side[|]Are you down for the ride?[|]It's not easy for someone to catch my eye[|]But I've been waitin' for you for my whole damn life[|]For my whole lifetime[|][Chorus: Khalid & Normani][|]So baby, tell me where your love lies[|]Waste the day and spend the night[|]Underneath the sunrise[|]Show me where your love lies[|][Verse 2: Normani][|]I've been so into your mystery[|]Is it because of our history?[|]Are you into me?[|]When it feels so good, but it's bad for you[|]Can't say I don't want it 'cause I know I do[|]Come on over, I need your company[|]Cravin' that synergy[|][Pre-Chorus: Normani][|]Don't be afraid to tell me if you ain't with it (you ain't with it)[|]I see you're focused, yeah, you're so independent (independent)[|]It's hard for me to open up, I'll admit it (I'll admit it)[|]You've got some shit to say and I'm here to listen[|][Chorus: Khalid & Normani][|]So baby, tell me where your love lies[|]Waste the day and spend the night[|]Underneath the sunrise[|]Show me where your love lies[|]Tell me where your love lies[|]Waste the day and spend the night[|]Underneath the sunrise[|]Show me where your love lies[|][Bridge: Khalid, Normani, Khalid & Normani][|]If you're down, don't hide it[|]Feelin' me, you don't gotta deny it[|]Baby you gon' make me overnight it[|]Tell me, are you down?[|]If you're down, don't hide it (yeah)[|]Feelin' me, you don't gotta deny it (yeah)[|]Baby you gon' make me overnight it[|]Tell me, are you down? (Tell me)[|][Chorus: Khalid & Normani, Normani][|]Tell me where your love lies (tell me where your love lies)[|]Waste the day and spend the night (waste the day, spend the night)[|]Underneath the sunrise (underneath the sunrise)[|]Show me where your love lies (tell me where your love lies)[|]Tell me where your love lies (show me where your love lies)[|]Waste the day and spend the night (yeah, yeah)[|]Underneath the sunrise (ooh)[|]Show me where your love lies
Whirlwind,I've been bouncin' wall to wall[|]I thought I felt it all[|]But I didn't.[|]I've written a thousand songs about you[|]I'm just hopin' one day that you'll hear it.[|]I guess I've gotten use to pain[|]But I'm one blow from insanity.[|]How can I find myself?[|]I lost way more than Identity.[|][Build][|]And I've been through many phases of you.[|]All reminisce since I hated onto[|]I don't think I deserve your abuse[|]You tore me up, but I'm changing...[|]And you're just a whirlwind[|]I'm crying out and I'm hurting[|][Chorus][|]And you're just a whirlwind[|]Pick up the pieces you've broken[|]You're just a whirlwind[|]I'm cryin' out and I'm hurtin'[|]No no no no, no no[|]150 on the dash[|]I'm movin' so fast[|]I'm panicking.[|]Maybe I'll crash,[|]I guess it depends how much mess I'm in.[|]Love never lasts on anything[|]and it doesn't live long, It's treatment[|]If I realized that[|]somewhere in my past[|]I probably be a better human and[|][Build][|][Chorus][|]...and you're just a whirlwind[|]I'm cryin' out and I'm hurtin'....
The Ways,[Pre-Chorus: Khalid][|]Most of them gon' talk, I know, I know[|]Most of them gon' fall, I know, I know[|]We gon' bet it all, I know-ow-ow-ow[|]We gon' bet it all, I know-ow[|][Chorus: Khalid][|]Power girl[|]I really wanna know your ways[|]I really wanna know your ways[|]I really wanna know your ways[|]I really want a power girl[|]You been runnin' through my section all day[|]You been runnin' through my mind all day[|]All day, all day, all day, all day, yeah, uh[|][Verse 1: Khalid][|]Somethin' in the way you move[|]Radion beams castin' vibrant views[|]Pick me up when I fall down and out[|]Dust me off and show me all truth[|]Show me that I'll never fly alone[|]I fucked up so many times, but I still have you[|]Show me how you do it like that[|]Carryin' a brother is not easy on your back[|][Pre-Chorus: Khalid][|]I know most of them gon' talk, I know, I know[|]Most of them gon' fall, I know, I know[|]We gon' bet it all, I know-ow-ow-ow[|]We gon' bet it all, I know-ow[|][Chorus: Khalid][|]Power girl[|]I really wanna know your ways[|]I really wanna know your ways[|]I really wanna know your ways (wanna know, wanna know)[|]I really want a power girl[|]You been runnin' through my section all day[|]You been runnin' through my mind all day[|]All day, all day, all day, all day, yeah, uh[|][Verse 2: Swae Lee & Kendrick Lamar][|]Your body and your mind is your contribution[|]I'm here to give you love and never lose ya (lose)[|]Power girl, power girl[|]If I had you, I'd travel light years for you[|]Power girl, power girl[|]Let me show you what it do, ayy[|]Workin' on me and you all day (all day)[|]Makin' sure what we have is safe, doin' it all[|]She's over the city (she's over the city)[|]She go there if she been there (she go there if she been there)[|]I'm only one nigga (I'm only one nigga)[|]I can't be everywhere[|]But I can take you anywhere, you know I swear, power girl[|][Chorus: Khalid][|]Power girl[|]I really wanna know your ways[|]I really wanna know your ways[|]I really wanna know your ways (wanna know, wanna know)[|]I really want a power girl[|]You been runnin' through my section all day[|]You been runnin' through my mind all day[|]All day, all day, all day, all day, yeah, uh[|][Outro: Swae Lee][|]Power girl out in the city, some niggas, they out in the city[|]Goin' nowhere, girl, you doin' in it[|]Goin' everywhere, girl, you don't need it[|]Goin' everywhere, what you doin' in it?[|]Power girl, why you move in the city?[|]Do you know, girl, girl, you know the city?[|]You over the city, you over the city[|]Power girl, yeah, she's over the city[|]Hourglass, yeah, she turned it over[|]Power girl, yeah, she's over the city[|]Hourglass, yeah, she turned it over
Let's Go,Everybody two-step in the motherfucker, what?[|]Two-step in the motherfucker, yeah[|]Everybody two-step in the motherfucker, what?[|]Two-step in the motherfucker, everybody get up, yeah[|]Can you feel this energy?[|]This is the start of something great[|]We might... be a little late... hey[|]Hey, but at least we're on our way[|]You got too much time to waste[|]Focusing on what people say[|]They might not like that we've arrived[|]But we're here to stay[|]Leave your sorrow on the table[|]Pick up your worries and throw them out the window[|]You don't gotta let your friends know[|]There's so much trouble to get into[|]Let's go, let go[|]Let's go, let go[|]I got a blacked out Chevrolet[|]You don't have a destination[|]Traveling where the wind will take us[|]That might be from place to place[|]Oh shit, I just graduated[|]I don't have any obligations[|]So let's have a little fun[|]Go 'head and drop all the relations[|]Leave your sorrow on the table[|]Pick up your worries and throw them out the window[|]You don't gotta let your friends know[|]There's so much trouble to get into[|]Let go, let go[|]Let's go, let's go[|]So let's go, let's go[|]Let go, let's go
Winter,II lost my heart in the nighttime[|]She left me out in the cold[|]She left me broken and weary[|]Drunk off the lies she told[|]I fell in love in the morning[|]But when the day gets cold[|]I'm back to life in my lonely[|]City of El Paso[|]But the days get harder in November[|]Love grows colder in the winter[|]All the things you say, I'll remember[|]Promise that you'll keep my love with ya[|]Promise that you'll keep my love with ya[|]Promise that you'll keep my love with ya[|]Love grows colder in the winter[|]Promise that you'll keep my love with ya[|]I lost my mind when you left me[|]And I didn't have much of that[|]But you were so quick to reject me[|]So I'll take my time being sad[|]I fell so hard, I'll admit it[|]The feeling wasn't mutual[|]So I'm back to live on my lonely[|]In the city of El Paso[|]But the days get harder in November[|]Love grows colder in the winter[|]All the things you say, I'll remember[|]Promise that you'll keep my love with ya[|]Promise that you'll keep my love with ya[|]Promise that you'll keep my love with ya[|]Love grows colder in the winter[|]Promise that you'll keep my love with ya[|]Promise, promise, promise, promise[|]Promise, promise, promise, promise[|]Promise, promise that you'll keep my love (keep my love)[|]Promise, promise, promise, promise[|]Promise, promise, promise, promise[|]Promise, promise that you'll keep my love (keep my love)[|]But the days get harder in November[|]Love grows colder in the winter[|]All the things you say, I'll remember[|]Promise that you'll keep my love with ya[|]Promise that you'll keep my love with ya[|]Promise that you'll keep my love with ya[|]Love grows colder in the winter[|]Promise that you'll keep my love with ya
Keep Me,Roses were your favorite flower[|]And I couldn't stand the scent[|]But if it's what it takes to put a smile on your face[|]I guess I'll deal with it[|]You hung with the popular kids[|]And I couldn't stand them[|]But I sucked it up, because I wanted to be more than friends[|]You should walk away with me[|]In your heart[|]Keep me in your mind[|]You don't have to speak[|]Of our past, just[|]Keep me in your life[|]Keep me alive[|]Keep me alive[|]Keep me alive[|]Keep me alive[|]Keep me alive[|]Keep me alive[|]Ohhhhh[|]Nooooo[|]Ohhhhh[|]Nooooo[|]We were ridin' down Dyer with my top down[|]Singin' our favorite songs[|]But the funny thing is[|]Every time we did, you'd always get the words wrong[|]And I was your biggest fan[|]You should never forget it[|]I bet your new man[|]Doesn't love you like I did[|]Does he love you like I did?[|]Does he love you like I did?[|]Noooo...[|]You should walk away with me[|]In your heart[|]Keep me in your mind[|]You don't have to speak[|]Of our past, just[|]Keep me in your life[|]Keep me alive[|]Keep me alive[|]Keep me alive[|]Keep me alive[|]Keep me alive[|]Keep me alive[|]Keep me alive[|]Keep me alive[|]Keep me alive[|]Ohhhhh[|]Nooooo[|]Ohhhhh[|]Nooooo[|]You should walk away with me[|]In your heart[|]Keep me in your mind[|]You don't have to speak[|]Of our past, just[|]Keep me in your life[|]Keep me alive[|]Keep me alive[|]Keep me alive[|]Keep me alive[|]Keep me alive[|]Keep me alive[|]Ohhhhh[|]Nooooo[|]Ohhhhh[|]Nooooo
Cold Blooded,Cold blooded, cold blooded[|]The way you've been treating me is getting out of hand[|]And you walk around like you're so innocent[|]I gave you my heart and it melted in your arms[|]This isn't a place that I belong[|]I feel your fear[|]Surrounded by your skin[|]You feel my heartbeat vibrate so violent[|]Inside of your head[|]I see it in your eyes[|]You're no good for me[|]And love is blind[|]Ooh, and cold blooded, cold blooded[|]You want what I'm giving up[|]But my love is not enough[|]Cold blooded, cold blooded[|]And I can't feel my fingertips[|]But you feel better when we touch[|]I lost my sight and you're leading me on[|]Is it 'cause you're used to guys always doing you wrong?[|]Do you really love me?[|]Or is it just revenge?[|]Lately you don't seem so genuine[|]And I feel your fear[|]Surrounded by your skin[|]You feel my heartbeat vibrate so violent[|]Inside of your head[|]I see it in your eyes (see it in your eyes)[|]That you're no good for me[|]And love is blind[|]Ooh, and cold blooded, cold blooded[|]You want what I'm giving up[|]But my love is not enough[|]Cold blooded, cold blooded[|]And I can't feel my fingertips[|]But you feel better when we touch[|]Mmmm[|]Fill me up, keep me hot[|]Use me up of all I've got[|]I feel your fear[|]Surrounded by your skin[|]You feel my heartbeat vibrate so violent[|]Inside of your head[|]I see it in your eyes[|]You're no good for me[|]And love is blind[|]Ooh, and cold blooded, cold blooded[|]You want what I'm giving up[|]But my love is not enough[|]Cold blooded, cold blooded[|]And I can't feel my fingertips[|]But you feel better when we touch[|]Mmmm[|]Fill me up, keep me hot[|]Use me up of all I've got[|]Cold blooded, cold blooded (mmmm)[|]Cold blooded, cold blooded (mmmm)
Hopeless,Spend my time worrying of broken promises[|]Focused on the smell of all the burnt out cigarettes[|]My thoughts play on repeat[|]Only comfort that I keep[|]'Cause in a moment I will be[|]Something you will forget[|]Hopeless, hopelessly romantic[|]You, you got me stranded[|]Ooh, I'm blue, blue, blue[|]Now tell me was I ever something that you could regret[|]I know I wasn't the one for you[|]But at least I tried my best[|]Surrounded by questions like, "Why'd you two part ways?"[|]But if my memory's right[|]You're the one that left[|]I'll be hopeless hopelessly romantic[|]You, you got me stranded[|]Ooh, I'm blue, blue, blue[|]Used to lift me higher[|]But I guess our time's expired[|]I'm giving you the match[|]Set our love on fire[|]Hopeless hopelessly romantic[|]You, you got me stranded[|]Ooh, I'm blue, blue, blue[|]Now tell me was I ever something that you could regret[|]I know I wasn't the one for you[|]But at least I tried my best[|]Surrounded by questions like, "Why'd you two part ways?"[|]But if my memory's right[|]You're the one that left[|]I'll be hopeless hopelessly romantic[|]You, you got me stranded[|]Ooh, I'm blue, blue, blue[|]Ooh yeah, I'm blue, blue, blue, oh[|]Yeah, I'm blue, blue, blue
Location (DJ Mustard Remix),Its a win baby[|]Feels like somethings missing where you been lately[|]Tryin' to tell myself that i aint' in too deep[|]Gimmie all of you and take all of me[|]This is more...[|]How the time flies no i got ways about me always in two minds eyes[|]See you sold it to me, mum he told me hes a nice guy[|]No you got your ways about you too this is new too me[|]Send me your location lets focus on communicating[|]Cuz i just need a time and place to come through[|](Place to come through oooo)[|]Send me your location lets learn the vibrations[|]I dont need nothing else but you[|]At times i wonder why i fall with you[|]But this nall of me[|]this nall of you[|]Initially i didnt want to fall for you[|]Got them all attention it was all for you[|]So dont take advantage[|]Dont leave my heart damaged to understand nothing goes a little bit better when you plan it[|]So wont you send me your location lets focus on communicating cuz i just need a time and place to come through[|]Send me your location lets learn the vibrations[|]I dont need nothing else but you[|]I dont want to fall in love off of sub tweets[|]So lets keep personal[|]Ive got alot cool spots that we can go[|]Tell me whats the move and i got you[|]Im only acting like this cuz i like you[|]Just give me the vibe too slide in[|]oh am i making mind by the night[|]send me your location lets focus on communicating cuz i just need a time and place to come through[|]Oh you say its all you need so you can take control and baby ill float your lid[|]You say its best too plan it through well boy i dont agree[|]The best things happen unplanned a result of you and me[|]This is more than they can teach[|]Meet me summer off the map[|]Ill share my location when noone else So dont be late[|]its undecided that will determin our fate[|]Boy would you mind if we continue this upper space[|]Earth has never been it for me
Let's Go [Explicit],Everybody two-step in the motherfucker, what?[|]Two-step in the motherfucker, yeah[|]Everybody two-step in the motherfucker, what?[|]Two-step in the motherfucker, everybody get up, yeah[|]Can you feel this energy?[|]This is the start of something great[|]We might... be a little late... hey[|]Hey, but at least we're on our way[|]You got too much time to waste[|]Focusing on what people say[|]They might not like that we've arrived[|]But we're here to stay[|]Leave your sorrow on the table[|]Pick up your worries and throw them out the window[|]You don't gotta let your friends know[|]There's so much trouble to get into[|]Let's go, let go[|]Let's go, let go[|]I got a blacked out Chevrolet[|]You don't have a destination[|]Traveling where the wind will take us[|]That might be from place to place[|]Oh shit, I just graduated[|]I don't have any obligations[|]So let's have a little fun[|]Go 'head and drop all the relations[|]Leave your sorrow on the table[|]Pick up your worries and throw them out the window[|]You don't gotta let your friends know[|]There's so much trouble to get into[|]Let go, let go[|]Let's go, let's go[|]So let's go, let's go[|]Let go, let's go
Let's Go (Remix),
Location (London Remix),Its a win baby[|]Feels like somethings missing where you been lately[|]Tryin' to tell myself that i aint' in too deep[|]Gimmie all of you and take all of me[|]This is more...[|]How the time flies no i got ways about me always in two minds eyes[|]See you sold it to me, mum he told me hes a nice guy[|]No you got your ways about you too this is new too me[|]Send me your location lets focus on communicating[|]Cuz i just need a time and place to come through[|](Place to come through oooo)[|]Send me your location lets learn the vibrations[|]I dont need nothing else but you[|]At times i wonder why i fall with you[|]But this nall of me[|]this nall of you[|]Initially i didnt want to fall for you[|]Got them all attention it was all for you[|]So dont take advantage[|]Dont leave my heart damaged to understand nothing goes a little bit better when you plan it[|]So wont you send me your location lets focus on communicating cuz i just need a time and place to come through[|]Send me your location lets learn the vibrations[|]I dont need nothing else but you[|]I dont want to fall in love off of sub tweets[|]So lets keep personal[|]Ive got alot cool spots that we can go[|]Tell me whats the move and i got you[|]Im only acting like this cuz i like you[|]Just give me the vibe too slide in[|]oh am i making mind by the night[|]send me your location lets focus on communicating cuz i just need a time and place to come through[|]Oh you say its all you need so you can take control and baby ill float your lid[|]You say its best too plan it through well boy i dont agree[|]The best things happen unplanned a result of you and me[|]This is more than they can teach[|]Meet me summer off the map[|]Ill share my location when noone else So dont be late[|]its undecided that will determin our fate[|]Boy would you mind if we continue this upper space[|]Earth has never been it for me
