XXTENTACION Sad!,Who am I? Someone that's afraid to let go, uh[|]You decide If you're ever gonna, let me know (yeah)[|]Suicide, If you ever try to let go, uh[|]I'm sad, I know yeah[|]I'm sad, I know yeah[|]Who am I? Someone that's afraid to let go, uh[|]You decide If you're ever gonna, let me know (yeah)[|]Suicide, If you ever try to let go, uh[|]I'm sad, I know yeah[|]I'm sad, I know yeah[|]I gave her everything[|]She took my heart and left me lonely[|]I've been broken, hearts contentious[|]I won't fix, I'd rather weep[|]I'm lost then I'm found but[|]It's torture being in love[|]I love when you're around[|]But I fucking hate when you leave[|]Who am I? Someone that's afraid to let go, uh[|]You decide If you're ever gonna, let me know (yeah)[|]Suicide, If you ever try to let go, uh[|]I'm sad, I know yeah[|]I'm sad, I know yeah[|]Who am I? Someone that's afraid to let go, uh[|]You decide If you're ever gonna, let me know (yeah)[|]Suicide, If you ever try to let go, uh[|]I'm sad, I know yeah[|]I'm sad, I know yeah[|]Who am I? Someone that's afraid to let go, uh[|]You decide If you're ever gonna, let me know (yeah)[|]Suicide, If you ever try to let go, uh[|]I'm sad, I know yeah[|]I'm sad, I know yeah[|]Who am I? Someone that's afraid to let go, uh[|]You decide If you're ever gonna, let me know (yeah)[|]Suicide, If you ever try to let go, uh[|]I'm sad, I know yeah[|]I'm sad, I know yeah
XXTENTACION Changes,Mmm, baby I don't understand this[|]You're changing, I can't stand it[|]My heart can't take this, damn it[|]And the way I feel, can't stand it[|]Mmm, baby I don't understand this[|]You're changing, I can't stand it[|]My heart can't take this, damn it[|]And the way I feel, can't stand it[|]Mmm, baby I don't understand it[|]Girl, you're making it hard for me[|]Girl, you're making it hard for me[|]Girl, you're making it hard for me, uh[|]Girl, you're making it hard for me[|]Girl, you're making it hard for me[|]Girl, you're making it hard for me[|]Mmm, baby I don't understand this[|]You're changing, I can't stand it[|]My heart can't take this, damn it[|]And the way I feel, can't stand it[|]Mmm, baby I don't understand this[|]You're changing, I can't stand it[|]My heart can't take this, damn it[|]And the way I feel, can't stand it[|]Mmm, baby I don't understand this[|]You're changing, I can't stand it[|]My heart can't take this, damn it[|]And the way I feel, can't stand it[|]Mmm, baby I don't understand it
XXTENTACION Jocelyn Flores,I know you so well, so well[|]I mean, I can do anything that he can[|]I've been pretty...[|]I know you're somewhere, somewhere[|]I've been trapped in my mind, girl, just holdin' on[|]I don't wanna pretend we're somethin', we're nothin'[|]I've been stuck thinkin' 'bout her, I can't hold on[|]I'm in pain, wanna put 10 shots in my brain[|]I've been trippin' 'bout some things, can't change[|]Suicidal, same time I'm tame[|]Picture this, in bed, get a phone call[|]Girl that you fucked with killed herself[|]That was this summer and nobody helped[|]And ever since then, man, I hate myself[|]Wanna fuckin' end it, pessimistic[|]All wanna see me with no pot to piss in[|]But niggas been excited 'bout the grave I'm diggin'[|]Havin' conversations 'bout my haste decisions[|]Fuckin' sickenin'; at the same time[|]Memories surface through the grapevine[|]'Bout my uncle playin' with a slip knot[|]Post-traumatic stress got me fucked up[|]Been fucked up since the couple months they had a nigga locked up[|]I'll be feelin' pain, I'll be feelin' pain just to hold on[|]And I don't feel the same, I'm so numb[|]I'll be feelin' pain, I'll be feelin' pain just to hold on[|]And I don't feel the same, I'm so numb[|]I know you so well[|]I mean, I can do anything that he can[|]I've been pretty...[|]I know you so well
XXTENTACION ILOVEITWHENTHEYRUN,[Intro: XXXTENTACION][|]Yeah, aye[|]Yeah[|]Aye, aye[|][Hook: XXXTENTACION][|]Watch that pussy nigga run when I swang fists[|]Watch that pussy nigga shoot when I swang fists, aye[|]I don't need no strap I let my blade hit, aye[|]I don't need no strap I let my blade hit[|]Watch that pussy nigga run when I swang fists[|]Watch that pussy nigga shoot when I swang fists, aye[|]I don't need no strap I let my blade hit, aye (bitch)[|]I don't need no strap I let my blade hit[|][Verse 1: Yung Bans][|]New Rick Owens cost a check[|]New red bone she straight from France[|]If I want it then I gotta have that shit[|]You hating on me I might let you have it bitch[|]My nina on me and she causing havoc[|]Free my brothers, bail them out I need the racks[|]I jugged the plug, I think he want it back[|]I hit him with blade not the strap[|][Verse 2: XXXTENTACION][|]Dirty face, on my dirty face[|]I might fuck his bitch, no Bobby bitch[|]Bitch I'm gnarly, bitch, I watch that tommy rip - tummy tuck[|]Fucking uppercut the pussy, shut him up[|]Voot me up, fucking voot me up[|]Bitch let's get it bruh[|][Interlude: XXXTENTACION][|]Aye, yeah, aye, yeah[|]Aye, yeah, aye, let's get it[|]Aye, yeah, aye, okay[|]Yeah[|](Run it, run it, run it, run it)[|][Verse 3: XXXTENTACION][|]Fuck nigga, better watch your neck, I grab the tec[|]Invest in vests, I bet that fucking pistol rip[|]Through your guts, I fuck it up and watch them bleed[|]I pray these niggas don't fucks with me[|]Hardcore, chopped folks, fuck nigga[|]So when you see me better duck nigga[|]Quick to talk shit but won't come, run[|]Popped up chicks on my gun, son[|][Verse 4: $ki Mask "The $lump God"][|]This that shit I flex[|]This that shit she wet[|]This that shit I whip my wrist and then I fuck your ex[|]Tell me when you cum, my dick getting numb[|]I just copped some shrooms and then I ate it off her bum[|]Beat up on the pussy like drums[|]Your daughter love this song[|]Bitch I'm Ricky Bobby - no NOS[|]If she wanna fuck me go cause[|]Bad to the bone, I'm 'bout my VLONE[|]Wanna hit your bitch just like a bong[|]Nut on your bitch I am wrong[|][Hook: XXXTENTACION][|]Watch that pussy nigga run when I swang fists[|]Watch that pussy nigga shoot when I swang fists[|]Aye, I don't need no strap I let my blade hit[|]Aye, I don't need no strap I let my blade hit[|]Watch that pussy nigga run when I swang fists[|]Watch that pussy nigga shoot when I swang fists[|]Aye, I don't need no strap I let my blade hit[|]Aye, I don't need no strap I let my blade hit
XXTENTACION YuNg BrAtZ,Bro's on your block with that Glock, right now[|]Try me like an Opp and indeed, get shot down[|]She wanna, X wanna[|]You wanna? L-l-lick my dick like a what? Nice![|]Lick my dick like Lil Wayne lollypop, huh![|]Hi, my name's Ryan![|]What do they call me? Wolf in sheep skin[|]Try me, might fight[|]Fist fuck, on sight[|]Wrist heavy, fat dyke[|]Pop Molly, Mike Ike[|]I got glacial white ice[|]And my bitch rack nice[|]And I do fight dykes[|]Ride my dick like a bike[|](Skit: fight before concert)[|]I got black in my voots[|]My name Toby, like I'm Roots[|]Grab that bat, Babe Ruth[|]Swing that bitch might lose a tooth[|]She suck dick with no tooth[|]My nose runny like "achoo"[|]With that pussy, I got coins[|]Might insert right in her groin[|]It's like jelly, ayy[|]Dick right in her belly, uh, yuh[|]Baby got back, yuh[|]Bitch, come look at my tats, uh, yuh[|]You got taxed, yuh[|]My head lookin' like Bratz, uh, yuh[|]Dump that bitch, yuh[|]Who gonna hold my racks, uh, huh
XXTENTACION Angel,[Intro: Shiloh Dynasty][|]Father forgive me for you know that im sinning[|]I take no interest partying with liquor, fucking up my system[|]Excuse my language that's a hang up on how shitty Im feeling[|]I'm sorry I feel no attraction, I know that its been a minute[|][Bridge: XXXTENTACION][|]Stab wounds and now shorty you know that you hate love ,,, government and all the monasteries tryna throw shit off
XXTENTACION Revenge,I think I finally[|]Found a way to forgive myself[|]From mistakes I made in my past[|]I think thats the first step, right?[|]Do you agree?[|]I've dug two graves for us, my dear[|]Can't pretend that I was perfect,[|]Leaving you in fear[|]Oh man, what a world, the things I hear[|]If I could act on my revenge, oh would I?[|]some kill, some steal, some break your heart[|]And you thought that I would let it go and let you walk[|]Well, broken hearts break bones, so break up fast[|]And I don't wanna let it go, so in my grave I'll rot[|]I've dug two graves for us, my dear[|]Can't pretend that I was perfect, leaving you in fear[|]Oh man, what a world, the things I hear[|]If I could act on my revenge, then oh, would I?[|]Some kill, some steal, some break your heart[|]And you thought that I would let it go, and let you walk[|]Well, broken hearts break bones, so break up fast[|]And I don't wanna let it go[|]So in my grave I'll rot[|]In my grave I'll rot[|]In my grave I'll rot[|]In my grave I'll rot[|]In my grave I'll rot[|]In my grave I'll rot[|]In my grave I'll rot
XXTENTACION Everybody Dies In Their Nightmares,Don't go, don't go to sleep[|]Don't go, stay up and don't go[|]Tired of feelin' like I'm trapped in my damn mind[|]Tired of feelin' like I'm wrapped in a damn lie[|]Tired of feelin' like my life is a damn game[|]Nigga really wanna die in the night time[|]Only time I feel pain, when I feel in love[|]That's why it's tatted on my face that I'm damn numb[|]Only time I'm in my mind, when I'm all alone[|]That's why I'm really never alone in the night time[|]Change hoes like clothes, I can't get attached[|]'Cause these hoes fire starters like lit matches[|]I've been feeling really lost, ducking all attachments[|]I don't really go outside 'cause I hate traffic[|]I don't wanna go outside, get caught in traffic[|]Tired of feelin' like I'm trapped in my damn mind[|]Tired of feelin' like I'm wrapped in a damn lie[|]Tired of feelin' like my life is a damn game[|]Nigga really wanna die in the night time[|]Tired of feelin' like I'm trapped in my damn mind[|]Tired of feelin' like I'm wrapped in a damn lie[|]Tired of feelin' like my life is a damn game[|]Nigga really wanna die in the night time[|]Tired of feelin' like I'm trapped in my damn mind[|]Tired of feelin' like I'm wrapped in a damn lie[|]Tired of feelin' like my life is a damn game[|]Nigga really wanna die in the night time[|]Nigga really wanna die in the night time[|]Nigga really wanna die in the night time[|]Nigga really wanna die in the night time, uh[|]Nigga really wanna die in the night time, uh[|]Nigga really wanna die in the night time
XXTENTACION Look At Me,I'm like bitch, who is your mans?[|]Can't keep my dick in my pants[|]My bitch don't love me no more[|]She kick me out I'm like vro[|]That bitch don't wanna be friends[|]I gave her dick, she amen[|]She put her tongue on my dick[|]Look at my wrist, about 10[|]Just got a pound of that boof[|]Brought that shit straight to the booth[|]Tommy my Hilfiger voots[|]She said wanna fuck bitch, I do[|]You put a gun on my mans[|]I put a hole in your parents[|]I just got lean on my ksubis[|]I got an uzi no uzi[|]Fuck on me, look at me, Ay[|]Fuck on me, yeah, look at me, ay[|]Look at me, look at me, yeah[|]Fuck on me, yeah[|]Look at me, yeah, fuck on me[|]Look at me, fuck on me, yeah[|]Look at me, fuck on me[|]Yeah, ay[|]I took a white bitch to starbucks[|]That lil bitch got her throat fucked[|]I like to rock out I'm misfit[|]My emo bitch like her wrist slit[|]Curly hair bitch like I'm Corbin[|]Got like 3 bitches, I'm mormon[|]Skeet on your main bitch's forehead[|]Don't want your pussy, just want head[|]Look at me, fuck on me[|]Look at me, fuck on me[|]Look at me, fuck on me[|]Look at me, yeah[|]Look at me, fuck on me[|]Look at me, fuck on me[|]Look at me, fuck on me[|]Look at me, yeah
XXTENTACION Moonlight,Yeah[|]Spotlight, uh, moonlight, uh[|]Nigga, why you trippin'? Get your mood right, uh[|]Shawty look good in the moonlight[|]All these pussy niggas so bad mind[|]Spotlight, moonlight[|]Nigga, why you trippin'? Get your mood right[|]Shawty look good in the moonlight[|]All these pussy niggas so bad mind[|]Spotlight, uh, moonlight[|]Nigga, why you trippin'? Get your mood right, uh[|]Shawty look good in the moonlight[|]All these pussy niggas so bad mind[|]Spotlight, moonlight[|]Nigga, why you trippin'? Get your mood right[|]Shawty look good in the moonlight[|]All these pussy niggas so bad mind[|]Feel like I'm destined[|]I don't need no Smith & Wesson, no[|]Girl, who you testin'?[|]Fuck a Scantron, here's your lesson, oh[|]Knife in intestine[|]Takin' shots with all your brethren, no[|]Feel like I'm damaged[|]Don't know where you'll fucking find me[|]All alone, call my phone, make me feel right[|]Girl you know when you call, make me feel right[|]All alone, call my phone, make me feel right[|]Girl you know when you call, make me feel right[|]Spotlight, uh, moonlight, uh[|]Nigga, why you trippin'? Get your mood right, uh[|]Shawty look good in the moonlight[|]All these pussy niggas so bad mind[|]Spotlight, moonlight[|]Nigga, why you trippin'? Get your mood right[|]Shawty look good in the moonlight[|]All these pussy niggas so bad mind[|]Spotlight, uh, moonlight[|]Nigga, why you trippin'? Get your mood right, uh[|]Shawty look good in the moonlight[|]All these pussy niggas so bad mind[|]Spotlight, moonlight[|]Nigga, why you trippin'? Get your mood right[|]Shawty look good in the moonlight[|]All these pussy niggas so bad mind
XXTENTACION News/Flock,Rap for the..Nap of a sack nigga[|]Who blizzardous raps bigger[|]Than men of a pack, ren[|]To the top of the gat, rippin Im busting up wack niggas[|]Chart or a plaque nigga[|]What do you choose[|]Simply irrelevant Cynical evident[|]Please wrestling evidence[|]Keys moving when definite[|]Soul goes for the president[|]Bleed red for the government[|]Verse 2:[|]Love is not kisses, hugs, sharing fucking drugs[|]Pictures on your birthday, pictures of making love..Its dedication[|]Trusting patience and compromise..[|]Not do or die Ultimatums for you and i..[|]I feel the vibe between us fading I fucking hate it..[|]I cut myself constantly[|]Hate myself for creating..[|]Hate within your heart Im thinking this pistol tempting[|]Screaming out to my demons..[|]Get even within yourself[|]She crying she needs your help[|]And you selfish think bout yourself..[|]All these problems created, extended from hate for self, and i...
XXTENTACION Take A Step Back,YYeah baby[|]Uh Members Only, baby[|]I'm with Ryan Santan in the motherfuckin' booth yeah baby[|]I got blood on my boots, baby[|]Yeah, baby[|]Yeah baby, throw that ass back on a tricycle, baby![|]YEAH![|]Fucked up, fucked up, fucked up, fucked up[|]Fucked up, fucked up, fucked up, Yeah[|]You done fucked up, you done fucked up[|]You done fucked up, you done fucked up[|]Fucked up, fucked up, fucked up, fucked up[|]Fucked up, fucked up, fucked up, Yeah[|]You done fucked up, you done fucked up[|]You done fucked up, you done fucked up[|]George W. Bush right on her pussy, yeah[|]Yeah, Curious George nigga looking boy, you so pussy yeah[|]Yeah, hit my line for the nigga dick, check my twitter yeah[|]Yeah, they call me young dagger dick, that's my handle yeah[|]Yeah[|]She grab on my dick like a handle, hey[|]Lil bitch, I got on Jesus sandals, hey[|]X is an animal; mammal, hey[|]Lil bitch got the back of a camel[|]Pussy boy you look like a Randall[|]Pussy boy you look like a Daniel[|]Bitch I'm known to get ghost, Danny Phantom[|]And if you throwing, through the pussy throw a tantrum, woah[|]Aye, fucked up, fucked up, fucked up, who, hey[|]Fucked up, fucked up, fucked up, you, hey[|]Pussy nigga know he done fucked up[|]Lame nigga better know his luck up[|]Pussy nigga know he fucked up[|]Lame nigga better know his luck up[|]Aye, fucked up, fucked up, fucked up, who, hey[|]Fucked up, fucked up, fucked up, you, hey[|]Pussy nigga know he done fucked up[|]Lame nigga better know his luck up[|]Pussy nigga know he fucked up[|]Lame nigga better know his luck up[|]Like it's Noah's Ark, that pussy wet, no water-park[|]She said drop that meat in me just like a shopping cart[|]Told me "Head straight to the back" just like I'm Rosa Parks[|]Walked up in the bank with pack that smell like donkey fart[|]Moose game poison dagger aye[|]Fuck my conscience, I'll stab ya[|]Ask that hoe what's vrackin[|]Slide up on a nigga like a care package[|]Bare in that pussy, like Smokey[|]Chain swing like rodeo ropy[|]Diamonds so wet that they soapy[|]Watch them mingle like they do the hokey-pokey[|]Aye yo' color diamonds humpty dumpty horror story[|]Feel like Dexter, got double-D's in my laboratory[|]Eat it with the sweet-sour sauce like six-piece sauce[|]Freedom; Fuck the cops, free Keke[|]Wreck a pussy nigga, come see me uh[|]Make him say goodbye like a Ouija (Bye Bye)
XXTENTACION BAD!,[Hook][|]Shorty like bad[|]What's up your face[|]Something/Someone like that[|]Girl what you love[|]Call me when/while you can[|]Girl going up[|]Going down[|]Going up[|]Turn around[|]Shorty like that[|]What's up your face[|]Something/Someone like that[|]Girl who you love[|]Call me when/while you can[|]Girl going up[|]Going down[|]Going up turn around[|]Love the way you move it nowww
XXTENTACION SippinTeaInYoHood,Yeah[|]And boy i'm sipping tea in you hood[|]What the fuck is up[|]You buttercup[|]Purrp in that blunt[|]Smoking suicide bloody blunts[|]Pussy boy you talking shit for twitter[|]It ain't adding up[|]How these pussy niggas moving day to day[|]I had enough[|]Post whit that fucking blade, bitch[|]I'll steal your face[|]Dick on that fucking gun[|]I love it when they run[|]Fuck all that talking shit[|]Do that shit for fun[|]Fuck'round with these niggas aye[|]Stab a body[|]Fuck do you mean?[|]Comes with that Glock and that beam[|]Put that shit rigth in yo' spleen aye[|]Run through yo hood aye[|]Fuck niggas whats really good aye[|]My niggas wish that you would aye aye[|]Bitch Im sipping tea in yo hood[|]What the fuck is up?[|]Bitch, im sipping tea in yo... aye aye[|]Bitch Im sipping tea in yo hood[|]What the fuck is up?
XXTENTACION Hope,[Intro][|]Yuh[|]Rest in peace to all the kids that lost their lives[|]In the Parkland shooting[|]This song is dedicated to you[|][Verse][|]Okay, she keep cryin', she keep cryin' every single night[|]Day and night, on my mind, please don't kill the vibe[|]Oh, no, I swear to God, I be in my mind[|]Swear I wouldn't die, yeah, we ain't gonna—[|]Said I wouldn't die, yuh, no, I'm not alright, yuh[|]I might start a riot, yuh[|]I'm so fuckin' tired, yuh[|]So, so, what you say?[|]Feelin' good, I'm feelin' great[|]Tired of the fuckin' hate[|]Stackin' cheese all on my plate[|][Outro][|]So outside my misery, I think I'll find[|]A way of envisioning a better life[|]For the rest of us, the rest of us[|]There's hope for the rest of us, the rest of us
XXTENTACION What In XXXTARNATION,Hahaha, ay[|]Our haters not gonna like us for this one (yuh yuh yuh)[|]They really not gon' like us for this one (aye)[|]Hey, tell all these industry niggas, "suck my dick"[|]Two times, (water) three times, four times[|]And if you listenin' to this shit and you don't like me (wet, flex)[|]Eat my ass (yuh)[|]Posted with that pump[|]Relay with that pump[|]He stay with that pump[|]You fuck niggas punks[|]Revenge on my body[|]He wanna meet my shotty[|]Not talking about my bitch[|]I'm talking big guns, yes big body[|]My dick not impressed[|]My dick anorexic[|]My gun got dyslexia[|]That mean I shoot backwoods, backwards[|]What's up with these questions[|]These fuckboys detectives[|]Fuck my codefendant[|]If he talk to the feds, Ash Ketchum[|]Wash out your pussy, your shit stank, boy[|]Puss, like I'm Tosh 2.0, watch boy[|]Thot, suck on my dick like a damn lollipop, boy[|]Stop talking about things that you know you are not, boy[|]Diamonds just might shine like Skittles[|]Diamonds white like Malcolm in the Middle[|]Diamonds just might shine like Skittles[|]Diamonds white like Malcolm in the--[|]Diamonds just might shine like Skittles[|]Diamonds white like Malcolm in the Middle[|]Diamonds just might shine like Skittles[|]Diamonds just might shine like ay, ay, ay, ay[|]My dick unimpressed[|]You take Xans that's pressed[|]My shirt striped like Ness[|]Flash them titties at me like the press[|]Speaking like I'm Hurricane Chris[|]Pull up on your momma I say "A Bay Bay"[|]Like a wild ape[|]I'm beating on my chest when I see the pussy if they ain't coming[|]Bitch off the rip[|]Just like a baby she just gon' take it from the tip[|]I just "Swiper, no swiping" that pussy 'cause I dip[|]Walked up in the division like "are you tryna pull?"[|]And there's no nigga that I fear[|]Got the horror of a spear[|]Got to be kidding me, made me giggle like tickle me[|]You said this nigga envy me[|]Bitch you shaped like a centipede[|]And my songs long as centuries[|]Bitch I must have to pull the .45 on my hip[|]I just let her cum on my dick[|]Arthritis wrist on sick[|]Cut my diamonds then get blisters[|]Blood diamond, ratchet ass bitch[|]She done sucked my dick and then you kissed her[|]You just might just throw a bitch fit[|]Bend it with me cause the metal on my hip[|]Four-five bust like zit[|]Four-five bust like zit[|]Four-five bust like zit[|]Four-five bust like zit[|]Four-five bust like zit[|]Four-five bust like zit
XXTENTACION NUMB,And every single year[|]I'm drowning in my tears[|]I'm drowning in my tears again[|]I can't seem to forget the pain I seem to give[|]The pain I seem to give my friend[|]And every single year[|]I'm drowning in my tears[|]I'm drowning in my tears again[|]I can't seem to forget the pain I seem to give[|]The pain I seem to give my friend[|]Oh, oh, oh, oh[|]Oh, oh, oh, oh[|]Oh, oh, oh, oh[|]Oh, oh, oh, oh[|]And every single year[|]I'm drowning in my tears[|]I'm drowning in my tears again[|]I can't seem to forget the pain I seem to give[|]The pain I seem to give my friend[|]And every single year[|]I'm drowning in my tears[|]I'm drowning in my tears again[|]I can't seem to forget the pain I seem to give[|]The pain I seem to give my friend[|]And every single year[|]I'm drowning in my tears[|]I'm drowning in my tears again[|]I can't seem to forget the pain I seem to give[|]The pain I seem to give my friend[|]Woah oh
XXTENTACION Everybody Dies In Their Dreams,[Intro: Shiloh Dynasty][|]Ooh, ahh, ahh, ahh[|]Don't go, don't go to sleep[|]Don't go, stay up and don't go[|][Chorus: XXXTENTACION][|]Tired of feelin' like I'm trapped in my damn mind[|]Tired of feelin' like I'm wrapped in a damn lie[|]Tired of feelin' like my life is a damn game[|]Nigga really wanna die in the night time[|][Verse: XXXTENTACION][|]Only time I feel pain, when I'm feelin' love[|]That's why it's tatted on my face that I'm damn numb[|]Only time I'm in my mind, when I'm all alone[|]That's why I'm never really alone in the night time[|]Change hoes like clothes, I can't get attached[|]'Cause these hoes fire starters like lit matches[|]I've been feelin' really lost, duckin' all attachments[|]I don't really go outside 'cause I hate traffic[|]I don't wanna go outside, get caught in traffic, traffic[|][Chorus: XXXTENTACION][|]Tired of feelin' like I'm trapped in my damn mind[|]Tired of feelin' like I'm wrapped in a damn lie[|]Tired of feelin' like my life is a damn game[|]Nigga really wanna die in the night time[|]Tired of feelin' like I'm trapped in my damn mind[|]Tired of feelin' like I'm wrapped in a damn lie[|]Tired of feelin' like my life is a damn game[|]Nigga really wanna die in the night time[|]Tired of feelin' like I'm trapped in my damn mind[|]Tired of feelin' like I'm wrapped in a damn lie[|]Tired of feelin' like my life is a damn game[|]Nigga really wanna die in the night time[|]Nigga really wanna die in the night time[|]Nigga really wanna die in the night time[|]Nigga really wanna die in the night time, uh[|]Nigga really wanna die in the night time, uh[|]Nigga really wanna die in the night time[|][Outro: Shiloh Dynasty][|]Don't go to sleep[|]Don't go, stay up with me[|]Don't go, don't go to sleep[|]Don't go, stay up and don't[|]Ooooahahh[|]Don't go, don't go to sleep[|]Don't go, stay up and don't
XXTENTACION Fuck Love,Baby I need you in my life, in my life[|]Please bae, don't go switchin' sides, switchin' sides[|]I swear this is where you reside, you reside[|]Please bae, don't go switchin' sides, switchin' sides[|]Yeah, yeah, yeah[|]Oooh, please don't throw your love away, huh[|]Please don't throw your love away, huh[|]Please don't throw your love away, huh, yeah, ayy[|]I'm nauseous, I'm dyin'[|]She ripped my heart right out[|]Can't find her, someone to—[|]My eyes are all cried out[|]Lost it, riots[|]Gunfire inside my head[|]I've lost it, riots[|]Gunfire inside my head[|]Baby I need you in my life, in my life[|]Please bae, don't go switchin' sides, switchin' sides[|]I swear this is where you reside, you reside[|]Please bae, don't go switchin' sides, switchin' sides[|]Yeah, yeah, yeah[|]Oooh, please don't throw your love away, huh[|]Please don't throw your love away, huh[|]Please don't throw your love away, huh, yeah
XXTENTACION Save Me,Who do I have?[|]Heaven and hell my friend, my friend[|]I won't fit in here[|]Everything must end[|]Hello[|]From the dark side end, does anybody here wanna be my friend?[|]Want it all to end[|]Tell me when the fuck is it all gon' end?[|]Voices in my head telling me I'm gonna end up dead[|]So save me[|]Before I fall[|]So save me[|]I don't wanna be alone[|]So save me[|]Before I fall[|]So save me[|]I don't wanna be alone
XXTENTACION Carry On,How did you get here?[|]I'm drunk and confused[|]I tried to be patient with you[|]Yeah[|]High up, you're falling back down[|]Trapped in the concept[|]Falsely accused[|]Misused, and misled[|]Bitch, I'm hoping you fucking rest in peace[|]Now the fact that I'm alone is fucking comforting[|]And I can't seem to shake this fucking feeling in my.[|]Cold shoulder, heart broken, misspoken[|]I'm cut open, my fingers and all my stab wounds[|]And if she could, she'd prolly dance[|]On my grave, inside my head[|]I see your face, I fucking hate[|]That I love you still[|]Yeah[|]Carry on, life flies, so just carry on[|]With this pain inside of my chest[|]Got no choice but to carry on, uh[|]Carry on, life flies, so just carry on[|]With this pain inside of my chest[|]Got no choice but to carry on, uh[|]Carry on, life flies, so just carry on[|]With this pain inside of my chest[|]Got no choice but to carry on, uh[|]Yeah[|]How did you get here?[|]I'm drunk and confused[|]I tried to be patient with you, yeah[|]High up, you're falling back down
XXTENTACION I spoke to the devil in miami, he said everything would be fine,It will all be over soon[|]And I'm always where the[|]Sun don't shine, the[|]Tears don't show, won't[|]Hurt me now 'cause[|]Heart's been broke, I[|]Hate myself but[|]It won't show, I[|]Constantly lose all[|]My remorse, and it's[|]Ten for the wolf and[|]Three for the shepherd and it's[|]One for the sheep who[|]Led by a leopard, often[|]Gave his perception as a[|]Handle of weapon, took a[|]Bite of your apple, give me[|]All you can offer, now I'm[|]Trapped in a changing maze[|]Setting my soul ablaze[|]Couldn't control the pace[|]Where is this going? Hey[|]Heartless is recklessness, it is[|]Word of a pacifist to the[|]Word of a masochist, I'm[|]Off of the map, my Lord I[|]Spoke to a baphomet, he[|]Said he would save me if I[|]Gave him one thing he needed[|]What is this thing I pleaded?[|]Boy, it's the key to Eden[|]Yeah[|]And as I spoke, my fangs were shown[|]Taken aback, he smiles and tells me[|]"What you crave will soon be yours[|]But what I crave is already mine"[|]Anima vestra[|]Anima[|]Anima vestra[|]Anima
XXTENTACION ​the remedy for a broken heart (why am I so in love),Why am I so in love?[|]Why am I so in love?[|]Why am I so in love?[|]I don't know why[|]Steady tryin' to maintain[|]Same things that a blood bitch may frame[|]My brain can't fathom what the hate say[|]He say, she say, how 'bout me say?[|]Get the Vice, ayy[|]Had to tell her let's ASAP[|]What's that on my shawty wrist? That's a AP[|]I'm not trying to save a bitch she A-P-E[|]Feeling like ET, flying out of the Addy[|]Fucking on shawty, she baddie[|]'Cause she better, you a pawn when I edit[|]I mean I'm better than better, maybe I'm lying[|]I'm sadder than most of y'all with the money and the freedom, nigga[|]What is money really worth if it ain't love?[|]I'ma find a perfect balance, it's gon' take time[|]I heard shawty still in love through the grape vine[|]Heard shawty still in love through the grape vine[|]Heard shawty in love through the grape vine[|]Mix a little bit of weed with a little bit of cash[|]With a little bit of this, with a little bit of that[|]We gon' be al-, we gon' be al-[|]We gon' be al-, we gon' be al-[|]Mix a little bit of weed with a little bit of cash[|]With a little bit of this, with a little bit of that[|]We gon' be al-, we gon' be alright[|]We gon' be al-, we gon' be al-[|]Mix a little bit of weed with a little bit of cash[|]With a little bit of this, with a little bit of that[|]We gon' be al-, we gon' be al-[|]We gon' be alright, we gon' be al-[|]Mix a little bit of weed with a little bit of cash[|]With a little bit of this, with a little bit of that[|]We gon' be al-, we gon' be al-[|]We gon' be al-, we gon' be al-[|]Why am I so in love?[|]I dont know why[|]Why am I so in love?[|]I don't know why[|]She said I, oh, I, am falling for you, falling for you[|]I, oh, I, am falling for you, falling for you[|]I, oh, I, am falling for you, falling for you[|]I, oh, I, am falling for you, falling for you[|]Why am I so in love?[|]Why am I so in love?[|]Why am I so in love?[|]I don't know why[|]Why am I so in love?[|]Why am I so in love?[|]Why am I so in love?[|]I don't know why
XXTENTACION $$$,[Intro: Matt OX][|]Pew[|]Get money, yeah yeah[|]Get money, yeah, get money[|]Get money, yeah, yeah[|]Get money, yeah yeah (get money)[|]Get money, yeah yeah[|]Yeah[|]Get money, yeah yeah[|][Chorus: Matt OX][|]Like ooh-ooh, ooh-ooh[|]Like ooh-ooh, ooh-ooh[|]Why you gotta sleep on my crew?[|]You know that my VVS' blue[|]Like ooh-ooh, ooh-ooh[|]Like ooh-ooh, ooh-ooh[|]My gang gonna eat real soon (yeah, yeah, yeah)[|]All you little haters is doomed[|][Post-Chorus: Matt OX & XXXTENTACION][|]Ooh, wait, wait, ooh[|]Ooh, wait, ooh, ooh (woah, woah)[|]Get money, yah, yah[|]Get money, yah, yah (oh my)[|]Get money, yah, yah (oh my)[|]Get money, yah, yah[|][Verse: XXXTENTACION][|]Like wait, wait, uh, ska-ate, uh[|]Spin on my dick like a Beyblade, uh[|]My dick'll hit her like AK, uh[|]These boys is mad 'cause they basics, uh[|]Tie up your lace, why you trippin', like, ayy?[|]Run up, get done up, say this every day[|]Uh, these niggas jealous and uh[|]Boy you is bitter like medicine, uh[|]Are you okay, bitch? Uh[|]Slay the pussy like I'm Jason, uh[|]Huh, fuck on my face, bitch, uh[|]1-0 like the Matrix, uh[|]Nigga try me, I tell OX to go get ya[|]Fuck around, I keep a blade like the Witcher[|]I want your auntie, your grandma, your sister[|]I eat the pussy for breakfast and dinner[|][Chorus: Matt OX][|]Like ooh-ooh, ooh-ooh[|]Like ooh-ooh, ooh-ooh[|]Why you gotta sleep on my crew?[|]You know that my VVS' blue[|]Like ooh-ooh, ooh-ooh[|]Like ooh-ooh, ooh-ooh[|]My gang gonna eat real soon (yeah, yeah, yeah)[|]All you little haters is doomed[|][Post-Chorus: Matt OX][|]Ooh, wait, wait, ooh[|]Ooh, wait, ooh, ooh (woah, woah)[|]Get money, yah, yah (yeah)[|]Get money, yah, yah (yah, yah)[|]Get money, yah, yah (yah, yah)[|]Get money, yah, yah
XXTENTACION Depression & Obsession,Depression and obsession doesn't mix well[|]I'm poisoned and my body doesn't feel well[|]I hate her, it's hard to love how I feel my stomach turning[|]Make out hill, where we met[|]We let our lips do all the talking and now I'm nothing[|]Depression and obsession don't mix well[|]Hollywood motels[|]And all I think I'm just obsessed with you[|]Depression and obsession doesn't mix well[|]Hollywood motels[|]And all I think I'm just obsessed with you
XXTENTACION infinity (888),These niggas is wildin' right now,[|]like, these niggas is really wildin'[|]You know what I'm sayin'? Like,[|]we ain't playin' with y'all niggas, man, you heard?[|]Sometimes you just gotta catch chlamydia on these niggas, G shit[|]You know what I'm saying? Gonorrhea, all of that shit[|]All of that shit[|]I catch all diseases in the world so the[|]world don't have no more diseases, you feel me?[|]G shit[|]I'm as real as they come, they feel it, get numb[|]They think you got a little buzz so now you can't get stung[|]I keep a razor blade tucked on me, runnin' my tongue[|]Don't let me have to tell these niggas about the city I'm from[|]It's Brooklyn, be the home of hardest ever[|]Where them niggas don't aim, they just palm Berettas[|]And bomb whatever[|]Say we don't move calmly never,[|]this for my niggas trapped in cells like salmonella[|]Look, I could do this shit with no effort,[|]no pressure, no gimmick shit, no radio records[|]Just textbook rhyme style with the raw texture[|]Punchlines, right hooks, now that's a trifecta[|]No more free lectures, I'm taxing these niggas extra[|]This the Pro of all Eras, he's back in your sector[|]So, might be best to protect your neck[|]Or profess your debt to the god, he might bless ya[|]Murder these flows like I murder these hoe ass niggas[|]Where the fuck is your energy bro?[|]Make your nigga deep throat a Desert Eagle[|]If he try me like a hoe, pussy boy that's on my soul[|]Make my flow shape shift, [?] expression like a facelift[|]I could probably [?[|]] like eight grips, if you talking all that ape shit[|]I'm talking YM Bape shit, but I'm banging on my chest bitch[|]Ayy, ayy, ayy, ayy[|]Travelin' through the infinity, uh[|]You not that nigga you pretend to be, uh[|]All that bullshit do not get to me, uh[|]I am a spirit and entity, uh[|]You just wanna suck all my energy, uh[|]I am the realest since Kennedy, uh[|]These pussy niggas fuckin' suck, you sound the same[|]I spit the pain, that's why the young niggas feel the same[|]They know I bang, I pull a fuckin' pistol out the Range and act insane[|]Spend years at the crib so I don't feel the pain no more[|]I don't feel the pain no more, I gotta get it how I live[|]I don't feel the pain no more, I don't feel the pain no more[|]I spend years at the crib so I don't feel the pain no more[|]I don't feel the pain no more, I gotta get it how I live[|]So I don't feel the pain no more, I don't feel the pain no -[|]I spend years at the crib so I don't feel the pain no more[|]So I don't feel the pain no more, I gotta get it how I live[|]I don't feel the pain no more, I don't feel the pain no more[|]I spend years at the crib so I don't feel the pain no more[|]I don't feel the pain no more, I gotta get it how I live[|]So I don't feel the pain no more, I don't feel the pain no more
XXTENTACION ​before I close my eyes,Before I lay me down to sleep[|]I pray the Lord my soul to keep[|]I hope it's not too late for me, whoa[|]Before I lay me down to sleep[|]I pray the Lord my soul to keep[|]I hope it's not too late for me, whoa[|]Difference changing in the distance[|]Time consumes the image, oh[|]Difference changing in the distance[|]Time consumes our image, whoa[|]Before I lay me down to sleep[|]I pray the Lord my soul to keep[|]I hope it's not too late for me, whoa[|]Before I lay me down to sleep[|]I pray the Lord my soul to keep[|]I hope it's not too late for me, whoa
XXTENTACION Off The Wall,Since you never gave a damn in the first place[|]Maybe it's time you had the tables turned[|]'Cause in the interest of all involved[|]I got the problem solved and the veredict is guilty[|]I feel like Nick Cannon 'cause I'm wildin' out[|]I don't got on Vans but bitch I'm off the wall[|]Feel like Nick Cannon 'cause I'm wildin' out[|]I don't got on Vans but bitch I'm off the wall[|]I said like insect, I be buggin' motherfucker[|]Fuck on your mommy[|]My flow be sick like that bitch gotta vomit, to vomit, to vomit[|]I'm hot like a comet[|]Insect, I be buggin' motherfucker[|]Fuck ln your mommy[|]My flow be sick like that bitch gotta vomit, to vomit, to vomit[|]I'm hot like a comet[|]When I di-di-di-di-di-dick that bitch and she see Jesus on some rapture shit[|]Throw my balls at her Pokémon[|]Ash Ketchum shit[|]Cause I'm fly like a newborn baby wombat wing[|]Me and this mic is your Mortal Kombat team[|]I want some head, I'm thinkin' how zombies think[|]Beaming a pistol it look like Hadouken[|]Like mayday, mayday, mayday, mayday[|]Tell these pussy rappers that it's time to vacay[|]Rob your lady, told her put her hands up high in the air like she 'bout to hit the Nae Nae[|]They say I'm cr-cr-cr-cr-cray cray[|]Can't control the nigga like we shootin' from the AK[|]But I kill these rappers[|]I'm a walking, breathing payday[|]Head up, I'm swine, nigga got the Ray-Bays[|]Get away, get away, get away, get away[|]Better do you or do way way, fade away[|]You sippin' Haterade, I'm sippin' Gatorade, with the lean in it I call the fadeway[|]I'm so toxic, fuck, hop up on my dick[|]I think I'm a pilot, 'cause she in my cockpit[|]Plumber, uh, pop it[|]Catface like I Skyped it[|]Did her ASAP like Rocky[|]Rockin' in my motherfuckin'[|]Rockin' rockin' in my motherfuckin'[|]I feel like Nick Cannon 'cause I'm wildin' out[|]I don't got on Vans but bitch I'm off the wall[|]Feel like Nick Cannon 'cause I'm wildin' out[|]I don't got on Vans but bitch I'm off the wall[|]I said like insect, I be buggin' motherfucker[|]Fuck on your mommy[|]My flow be sick like that bitch gotta vomit, to vomit, to vomit[|]Insect, I be buggin' motherfucker[|]Fuck on your mommy[|]My flow be sick like that bitch gotta vomit, to vomit, to vomit[|]I'm hot like a comet[|]Whem I fi-fi-fi-fi-fi-fi-fist that bitch[|]I'ma make that booty jiggle, it's a kickback bitch[|]She gon' rub my Dragon Balls, let her make one wish[|]What is that?[|]She just wanna take the Young Dagger Dick[|]She off the molly she wanna take seven dick[|]Body to body, that's MC Dagger, bitch[|]Think I'm Illuminati 'cause I got money bitch[|]Like Ray J, Ray J, Ray J, Ray J[|]Bitch I hit is first, so I went and hit the Nae Nae[|]Coming in hot like a missile pussy, hey bae[|]Fucking bust a nigga, make him "up, up, and away"[|]Watch this, uppercut, Super Smash Melee[|]I just made her spin on my dick like a Beyblade[|]I be like spinach, I do not eat an asparagus[??][|]Humina humina, black fist on my way-ay[|]No Chris Brown, fuck her, make her look at me now[|]When I'm in the pussy say "Ow"[|]You got no etiquette, just beginning like Genesis[|]Can you give me a rapper that I'm not better than?[|]Revenge jean, I think I might OD on sauce[|]I don't rock Supreme[|]Said my dick gonna cum and about to last like ever since[|]When a white, wh-wh-white, wh-wh-white, okay[|]Like big black dick in your mama mouth[|]Pull it back, push ya whole wig back[|]Tic tac, your breath really P-U[|]Yo, you really need a Tic-Tac[|]Big pumo, Cobain, Cobain[|]Leave a pussy nigga with no brain, okay[|]Weenie Hut Jr. looking boy, tell him "Olay!"[|]I'ma pull that pistol, make 'em miss another, ay![|]I feel like Nick Cannon 'cause I'm wildin' out[|]I don't got on Vans but bitch I'm off the wall[|]Feel like Nick Cannon 'cause I'm wildin' out[|]I don't got on Vans but bitch I'm off the wall[|]I said like insect, I be buggin' motherfucker[|]Fuck on your mommy[|]My flow be sick like that bitch gotta vomit, to vomit, to vomit[|]I'm hot like a comet[|]Insect, I be buggin' motherfucker[|]Fuck on your mommy[|]My flow be sick like that bitch gotta vomit, to vomit, to vomit[|]I'm hot like a comet
XXTENTACION hearteater,[Chorus][|]Hearteater, why'd you eat my heart alive?[|]Still breathing, why you looking so surprised?[|]Hearteater, try but you will not suffice[|]Hearteater, why'd you eat my heart alive?[|]Still breathing, why you looking so surprised?[|]Hearteater, try but you will not suffice[|][Bridge][|]Ooh, you're poison[|]Poison, filled with poison[|]Fill my veins with poison[|]Poison, filled with poison[|][Chorus][|]Hearteater, why'd you eat my heart alive?[|]Still breathing, why you looking so surprised?[|]Hearteater, try but you will not suffice[|]Hearteater, why'd you eat my heart alive?[|]Still breathing, why you looking so surprised?[|]Hearteater, try but you will not suffice
XXTENTACION Orlando,The pain in my heart just won't end[|]The words that I find just don't seem to compare[|]Waiting til' my death and the end[|]Alone, I must seek out the end to begin[|]So nobody wants death[|]'Cause nobody wants life to end[|]I'm the only one stressed[|]I'm the only one tired of having fake friends[|]Put the noose on my neck and the hole in my back, again[|]I've been waiting on death with a smile on my face[|]This is the end[|]Waste of tears[|]Waste of years and months[|]Face my fears[|]Loving her for what I have[|]Hurt me[|]Break my heart[|]Worthless[|]Can't keep love at all[|]Spinning, twist myself[|]Worthless[|]Can't keep love at all[|]At all
XXTENTACION Vice City,[Intro: Laura Mvula][|]Hey there you, looking for brighter season[|]Need to lay your burden down[|]Hey there you, drowning in a helpless feeling[|]Buried under deeper ground[|][Verse 1][|]I seem depressed, always being bothered never less[|]Keeping me out of prison and putting me to the test[|]They ask me what is happiness, you write it on a cheque[|]Or you feel it on the sweat, when your dick is in the breast[|][Chorus: Laura Mvula (reversed)][|]Hey there you[|]When the lights go out and you're on your own[|]Hey there you[|]When the lights go out and you're on your own[|][Verse 2][|]If death is what it seems, why is it so vividly portrayed within my dreams?[|]The fear of understanding the Devil's running his course[|]Pitchers not receivers, it's coming straight from the source[|]Remorse, as this time becomes a factor, minds full of greed, exposing your benefactors[|]Backwards, pace backwards, everybody is superficial[|]Only breaching the surface, surface upon the Earth[|]And flames engulf the Earth, and prized possessions, they incinerate[|]This is far beyond any director tried to demonstrate[|]See the record, here's the record, take the record, set it straight[|]Perplexed, only receive slumber when that heaven gates[|]And this is fairly simple for your breath, try and contemplate your conversates[|]Hesitate and navigate your inner traits[|]Back to a time where minds were just matter[|]If you stated opinions then bones would begin to shatter[|]It didn't matter back then cause there was no reacting, acting up[|]Chevy in black, Acura[|]Accurate facts put the black in fact[|]If you thought that you are free, you should disregard that[|]All facts[|][Chorus: Laura Mvula (reversed) & XXXTENTACION][|]Hey there you[|]When the lights go out and you're on your own[|]Young X'ster, call me a young Dexter[|]Hey there you[|]When the lights go out and you're on your own[|]My hypothesis, is, death ain't shit[|]Hey there you[|]I'd rather die than be alive in this life[|]When the lights go out and you're on your own[|]Honestly full of strive and strive[|]Hey there you[|]When the lights go out and you're on your own[|][Bridge: Laura Mvula][|]Hey there you[|]Try to stand up on your own two feet, and, stumblin'[|]Hey there you[|]Try to stand up on your own two feet, and, stumblin'[|]Hey there you[|]Try to stand up on your own two feet, and, stumblin'[|]Through the sky[|]Through-through the sky[|][Hook: Laura Mvula (reversed)][|]Hey there you[|]When the lights go out and you're on your own[|]Hey there you[|]When the lights go out and you're on your own[|]Hey there you[|]When the lights go out and you're on your own[|]Hey there you[|]When the lights go out and you're on your own[|][Bridge: Laura Mvula][|]Hey there you[|]Try to stand up on your own two feet, and, stumblin'[|]Hey there you[|]Try to stand up on your own two feet, and, stumblin'[|]Hey there you[|]Try to stand up on your own two feet, and, stumblin'[|]Through the sky[|]Through-through the sky
XXTENTACION RIP Roach,[|]Cocaine for my breakfast[|]Hold that pistol, ambidextrous[|]Pussy boy talk reckless[|]He might end up on a stretcher[|]Fuck with my set[|]You get wet, like a pussy[|]Sauce, what I spilled[|]On my kilt, she need milk[|]XXX on a kill streak[|]You pussy niggas Rice Krispie, yeah[|]Fuck a white bitch on the sixth week[|]Six stars like GTA kill me[|]It's more money I'm getting[|]If a nigga try to take, wig splitting them[|]Shouts out to my zoe they killed my VRO[|]So bitch, pull up now[|]I'm like[|]Mama raised a soldier, not a bitch not a bitch, yuh![|]Mama raised a soldier, not a bitch not a bitch, yuh![|]Mama raised a soldier, not a bitch not a bitch, yuh![|]Mama raised a soldier, not a bitch not a bitch, yuh![|]Mama raised a soldier, not a bitch not a bitch, yuh![|]R.I.P. my Zoe , R.I.P. my Zoe[|]R.I.P. Zoe , R.I.P. my Zoe[|]R.I.P. Zoe, R.I.P. my Zoe[|]R.I.P my soul[|]My who? hahahaha bitch[|]I got my Andy Capp's on this bitch[|]I'm about to sip this motherfuckin' water[|]Oh that's not even water, I stole that boy's shit[|]Ay, came from the dirt you can't hit my purp[|]Said my diamonds wetter than some sweat, absurd[|]Gold up on my wrist is looking sunny, Big Bird[|]Hit 'em with the hit 'em with the numbers like a nerd[|]Ayy let's slide sixth wall, I'm tied[|]Call my pockets knotty cause they sloppy, oh my[|]I could be Xzibit, might pimp my ride[|]Wet pleasure rather pay the Rafs, like Christ[|]Hit my bitch like Bruno[|]Get a bitch wet no Juno[|]Put it in her mouth like Uno[|]Chest all polo like "Kudos!"[|]Dog ass nigga like Cujo[|]Face card bad who you know?[|]She all wet like fructose[|]Diamonds on like they cheat codes
XXTENTACION Catch,[Verse 1][|]She came to fuck, it was picture perfect[|]Different person when she texting, guess her heart was hurting[|]She need attention I'm guessing I didn't get the message[|]She told me "Bae, I know you miss me, why you still pretending?"[|]Louie loafers, Fendi, and different colors matching[|]She leave her house like she winning a fucking beauty pageant[|]And when she older, she told me she wanted to be an actress[|]Keep that spray in that condo in case a nigga actin'[|]She got some issues she told me her daddy beat her 50[|]And she tried to do stripping but I guess it wasn't fittin'[|]Now she fucks with these fuckers, she just want the dollar bills[|]Fuck it when this shit is real, bitch you know it's real[|]Yeah, never caught them to save a ten[|]Never be inside a court like it's a fucking journey[|]Damn, call Diamond, Downy and cough up[|]20 and that Henny in case a nigga could Chapo[|]They like Similac and milk in that baby bottle[|]Bumpin' that Metro Boomin say "fuck it" just let the shots roll[|]Fuck it just let the shots roll[|][Verse 2][|]Momma wouldn't stand that baby going to jail[|]Momma always wanted her baby going to Yale[|]40 in that fanny she hit me straight for ya tail[|]She don't need a tutor for paying the baby bail[|]Yeah, why selling the MacBook[|]Better tuck his chain if the nigga don't want his neck took[|]And for all my niggas who chilling who have my back bruh[|]Sitting with that fanny just waiting for you to act up[|][Verse 3][|]Fuck it just let the shots roll[|]Tired of these bitches and nigga do want the top though[|]Catch a nigga slipping and nigga it ain't even my dough[|]Nigga talking funny, said "fuck it" just left his jaw broke[|]Case it, I law and order[|]Tell you a nigga like you never fuck with my daughter[|]Nino on the Yachty, [?][|]Homie fuck the rapping, we pulling up with the shotty[|]Yeah, aye rock like Biggie and Pac did[|]Tell you what that Nina with Rio, Bria in Bel-Air[|]Always miss my uncle, a gamble just like casinos[|]Lately I been chilling, I been chilling, I hit up my nigga Chino[|][Verse 4][|]Hush[|]Fuck it just let the shots roll[|]Looking like Khalifa and Yeezy mixed with a Pac, oh[|]"Who you favorite artist?" I tell these niggas "I don't know."[|]Bitch you love my music so where the pussy and guapo[|][Outro][|]Could it be the way that I'll catch up
XXTENTACION Looking For A Star,Can't seem to explain a thing[|]Going on in my head (on in my head)[|]The memories seem to fade away[|]With the thoughts in my head (the thoughts in my head)[|]Run from different enemies[|]And the thoughts in my head (thoughts in my head)[|]Run from different enemies[|]And the thoughts in my head, (thoughts, in my)[|]And where did you go as I slipped (as I slipped)[|]I can't seem to get out my head (out my head)[|]I went and I'll count the tears I shed (tears I shed, tears I)[|]She sat there and watched as I bled[|]As I bled[|]As I bled[|]As I bled[|]As I bled[|]As I bled[|]And where did you go as I slipped (as I slipped)[|]I can't seem to get out my head (out my head)[|]And where did you go as I slipped (as I slipped)[|]I can't seem to get out my head (out my head)
XXTENTACION I don't wanna do this anymore,I should've let you know, that you're my only one[|]I know you're feeling numb, I'll fuck you 'til you cum[|]Said, "I don't understand, how you don't got a man"[|]You want me in your bed, 'cause I've been in your head[|]You've been up all night, so you don't wanna wait on me[|]I'm bouta' catch my flight, so you don't gotta wait on me[|]No more, you don't wanna, you don't wanna[|]You don't wanna, you don't wanna, you don't wanna[|]You don't wanna, you don't wanna[|]I've been up a very long time, wonder why they hate on me[|]I don't wanna love myself, I'm praying that they all love me[|]'Cause you don't wanna, you don't wanna[|]You don't wanna, you don't wanna, you don't wanna[|]You don't wanna, you don't wanna[|]I should've let you know, that you're my only one[|]I know you're feeling numb, I'll fuck you till you cum[|]Said, "I don't understand, how you don't got a man."[|]You want me in your bed, 'cause I've been in your head[|]No, no, no[|]No, no, no[|]No, no, no[|]No, no, no[|]No, no, no[|]No, no, no
XXTENTACION #ProudCatOwner #IHateRappers #IEatPussy,[Intro][|]Oh my God, Ronny[|][Chorus][|]Oh she ratchet[|]I might smash her[|]Bend her backwards I might pass her[|]Homie on Casper[|]Geekin' like Dexter[|]I think magic[|]No more distraction[|]Yeah, my flows on Destructo Disc[|]Too afraid to cuff a bitch[|]These boys on that sucker shit[|]Feature price went up as shit like[|][Verse]
XXTENTACION Whores on the Boards,
XXTENTACION Floor 555,I'll put one in that chamber like you wanna face a god?[|]Now face the fake fuck, aight[|]Fuck us up, feelin' god[|]Level up, feelin' high[|]Feelin' Beverly Hill, West Side[|]Bitch, don't do like you've never done it at Best Buy[|]If I hit up your daddy nigga, you best slide[|]If you totin' that pistol, nigga, you best ride[|]If you shoot that shit at me, nigga I best die[|]'Cause I'm a muhfuckin' narcissist, tremble, you catch a clip, bitch[|]And you not equipped with that[|]Pussy boy, don't be talking shit[|]Or you can meet this AK-47, it got kick back[|]I'm a muhfuckin' Martian, in the heart of a mosh pit[|]Put that boy in a coffin[|]'Cause the way they talkin'[|]Pussy boy, don't be talkin'[|]I ain't doin' no barkin'[|]I'ma let that shit rip, leave his ass in the parking[|]Fuck, boy don't test me[|]Boy don't test me, fuck[|]Boy don't test me, fuck[|]Boy don't test, boy don't test, boy don't test,[|]boy don't test, boy don't test,[|]boy don't test, boy don't, ayy, yuh, ayy[|]Fuck, boy don't test me[|]Boy don't test me, fuck[|]Boy don't test me, fuck[|]Boy don't test, boy don't test, boy don't test,[|]boy don't test, boy don't test,[|]boy don't test, boy don't, ayy, yuh, ayy
XXTENTACION ALONE, PART 3,Can't seem to find someone's shoulder[|]Who am I to lie on when it's over[|]Took a chance with you, it made me colder[|]Here to hold my own when it's all over[|]So when I'm weak, who do I call?[|]My God it hurts, I can't weep on[|]What do I do?[|]Do I run?[|]Tired of hate, tired of love[|]I've dug my nails into my arms[|]She turned and left with all my scars[|]What is my word?[|]Forgive my word[|]Demon have a piece of me[|]She put my heart beneath her feet[|]She turned and left the question what's my word[|]Demon have a piece of me[|]She put my heart beneath her feet[|]She turned and left the question what's my word[|]My word[|]My word[|](My word)
XXTENTACION Came2Kill,Yuh, you know what I'm sayin'?[|]I'm off the acid, oh no[|]Cris Dinero on the track[|]Haha, haha, haha, ooh, ooh[|]Bitch, I came to kill, on my momma[|]Pussy boy talk 'til I hit him with a lama[|]That bitch don't understand[|]When she just don't want no drama[|]That baby drama, mama[|]I don't wanna talk about it[|]Bitch I came to kill, on my momma[|]Pussy boy talk 'til I hit him with a lama[|]That bitch don't understand[|]When she just don't want no drama[|]That baby drama, mama[|]I don't wanna talk about it[|]Well hello there[|]Ayy, crack on me, crack on, crack on me like Lamar Odom[|]Head bust, fucking head bust your head open[|]She gon' bust her legs wide open, pussy broken, uh[|]On yo' block, all up on yo' block, all I see is smokin', ayy uh[|]Wait, uh, huh, ayy, my dick in my glock, ayy[|]My blade dark like cops, ayy[|]What's that? What's that? Red dot (bop, bop, bop, BOP!)[|]Grrra! Gratata, ayy[|]Shoot at pussy boys[|]Can't fuck with pussy boys[|]Put a pistol on pussy boys[|]In Jesus' name—[|]Bitch, I came to kill[|]You and yo' momma[|]Boo-boo-boo-boo[|]Yo' medulla oblongata[|]Blood drippin', it spill[|]Look like salsa[|]Cock back it up, yeah[|]That back probably be auto[|]Really?
XXTENTACION ​going down!,[Intro][|]Oh my[|]I got that drip, ayy[|]Yeah[|][Chorus][|]Going down, it's going down, huh[|]Going down, it's going down[|]Oh my God, shawty thick she-[|]Oh my God, yeah, yeah[|]Oh my God, shawty thick she-[|]Oh my God[|]Huh, yeah, ayy[|]Going down, it's going down, hey[|]Going down, it's going down[|]Oh my God shawty thick she-[|]Oh my God, yeah, ayy[|]Oh my God shawty thick she-[|]Oh my God[|][Verse][|]Hey, she ride my dick like a biker, huh[|]I am the shit, need a diaper, huh[|]Like I'm Lil Yachty, I one night her, uh[|]I eat the pussy like rice and-, ayy[|]Knock out your boyfriend, Mike Tyson, ayy[|]When I'm drunk I feel like fightin', ayy[|]She pop that pussy like vitamin, ayy[|]Beat up that pussy like vikin', a-[|]She get wet, look like I pull up in a jet[|]She wants sex, okay, shorty, I just want the neck[|]Run them bands up, I run them bands up, I run my bands up[|]He don't want no smoke, he don't want no cancer[|]Go get your bands up[|][Chorus][|]Going down, it's going down, huh[|]Going down, it's going down[|]Oh my God, shawty thick she-[|]Oh my God, yeah, yeah[|]Oh my God, shawty thick she-[|]Oh my God[|]Huh, yeah, ayy[|]Going down, it's going down, hey[|]Going down, it's going down[|]Oh my God shawty thick she-[|]Oh my God, yeah, ayy[|]Oh my God shawty thick she-[|]Oh my God
XXTENTACION Slipknot,Members only... Volume, Volume 3[|]Uh, won't fall my nigga, I slip not[|]Won't fall my nigga, I slip not[|]Won't fall my nigga, I slip not[|]I won't be dead, misled, ahead, I never break, uh[|]Won't fall my nigga, I slip not[|]Won't fall my nigga, I slip not, uh[|]Won't fall my nigga, I slip not[|]I won't be dead, misled, ahead, I never break, uh[|]Lost in the pessimistic state of perception[|]It's been hard to participate in natural instances[|]And due to my history, I don't know what's next for me[|]But keep my composure, fuck over anyone next to me[|]If dean detriment told me love was for negligent[|]Motherfuckers that can't seem to keep wearin' their head[|]I'm not self-aware, I'm misled, I'm a hypocrite like the rest[|]I will kill myself if it benefit all of my fucking friends[|]I'm sorry mama, I didn't mean to fucking hurt you[|]If I had to test my worth, I'll show you heaven on this earth[|]So if alive or in the dirt[|]I swear to God, you'll be my first priority[|]Before the hurt, that mean for better or for worse[|]I said[|]I didn't mean to fucking hurt you[|]If I had to test my worth, I'll show you heaven on this earth[|]So if alive or in the dirt[|]I swear to God, you'll be my first priority[|]Before the hurt, that mean for better or for worse[|]I said[|]Won't fall my nigga, I slip not, uh[|]Won't fall my nigga, I slip not, uh[|]Won't fall my nigga, I slip not[|]I won't be dead, misled, ahead, I never break, uh[|]Won't fall my nigga, I slip not, uh[|]Won't fall my nigga, I slip not, uh[|]Won't fall my nigga, I slip not[|]I won't be dead, misled, ahead, I never break, uh[|]Through the soulless pit, I never slip, I get a grip[|]My mind drift to a place, where the devil lives[|]My soul rise to the sky, made of abyss[|]With the evidence, that I made with the elements[|]Fuck your settlement, let's settle this now[|]We tearing it down, we make these incredible sounds[|]We cherish them now[|]The pain that was never announced, we singin' it out[|]They look around confused like they ain't figure it out[|]Oh, you can't run away[|]From everything you made[|]You try to erase[|]Memories will fade
XXTENTACION The End is Nigh,
XXTENTACION Dead Inside (Interlude),Dead inside[|]Spend a lot of time stuck in this head of mine[|]Under the assumption love is dead, already[|]Just let me be here[|]Where was I?[|]When he was feeling on you with his hands, at night?[|]Seen the vivid pictures in my head, at night[|]It left me in tears[|]Where was I?[|]When he was feeling on you with his hands?[|]Seen the vivid pictures in my head[|]I'm under the assumption love is dead[|]Where was I?[|]When he was feeling on you with his hands?[|]I'm under the assumption love is dead[|]Seen the vivid pictures in my head
XXTENTACION In The End,By my window[|]Broken glass[|]No one here knows[|]My intent[|]In the end[|]I won't cry, I won't falter[|]In the end[|]I won't run, I won't hide[|]It's too late[|]I won't stand by the altar[|]In the end[|]I won't run, I won't hide
XXTENTACION Pain = BESTFRIEND,Lost in the good, I[|]Feel so deeply I can't seem to find the music on[|]Lost in the good, I[|]Feel so deeply I can't seem to find the music on[|]In regret[|]Regret[|]Children, don't cry[|]It won't end[|]Pain will always be my friend[|]Children don't cry[|]Pain will always be my friend
XXTENTACION White Girl,
XXTENTACION Shining Like The Northstar,[Intro][|]Yuh[|]Oh my god, Ronny![|][Chorus][|]Audemar, huh, on God, huh[|]Take it off, huh, get in car, huh[|]Shorty ride dick like a pornstar, huh[|]I'm a soul eater like Black Star, huh[|]And she let me beat, feel it in her feet[|]Diamonds in my teeth, talk ain't cheap[|]Waka-waka, eh, eh, eh, hypebeast[|]What a nigga say? Hey, wanna fight B?[|]Audemar, huh, on God, huh[|]Take it off, huh, get in car, huh[|]Shorty ride dick like a pornstar, huh[|]I'm a soul eater like Black Star, huh[|]And she let me beat, feel it in her feet[|]Diamonds in my teeth, talk ain't cheap[|]Waka-waka, eh, eh, eh, hypebeast[|]What a nigga say? Hey, wanna fight B?[|][Verse 1][|]Treat that pussy just like ping pong[|]Back and forth just like I'm King Kong[|]At your city nigga, ding dong[|]At your phone just like a, mm, uh[|]At your front door like Jehovah's Witness[|]I'm too kind so I'ma spare the witness[|]Fresher than a nigga with a retweet[|]Dreads is real as fuck they not extensions[|]Count up my feta, yuh[|]Treat on margiela, yuh[|]Like Finding Nemo I hope you go belly up[|]Never mind, kill 'em with kindness[|]Call me your highness, heard you a friend, gotta sign up[|]These niggas slower than some tortoises, hm[|]I got machine gun like, what you say?, hm[|]Bitch, I am real like The Walking Dead, uh[|]Dude fuck around, leave you Walking Dead, hm[|][Chorus][|]Audemar, huh, on God, huh[|]Take it off, huh, get in car, huh[|]Shorty ride dick like a pornstar, huh[|]I'm a soul eater like Black Star, huh[|]And she let me beat, feel it in her feet[|]Diamonds in my teeth, talk ain't cheap[|]Waka-waka, eh, eh, eh, hypebeast[|]What a nigga say? Hey, wanna fight B?[|]Audemar, huh, on God, huh[|]Take it off, huh, get in car, huh[|]Shorty ride dick like a pornstar, huh[|]I'm a soul eater like Black Star, huh[|]And she let me beat, feel it in her feet[|]Diamonds in my teeth, talk ain't cheap[|]Waka-waka, eh, eh, eh, hypebeast[|]What a nigga say? Hey, wanna fight B?
XXTENTACION #Sippinteainyourhood,Yeah[|]And boy i'm sipping tea in you hood[|]What the fuck is up[|]You buttercup[|]Purrp in that blunt[|]Smoking suicide bloody blunts[|]Pussy boy you talking shit for twitter[|]It ain't adding up[|]How these pussy niggas moving day to day[|]I had enough[|]Post whit that fucking blade, bitch[|]I'll steal your face[|]Dick on that fucking gun[|]I love it when they run[|]Fuck all that talking shit[|]Do that shit for fun[|]Fuck'round with these niggas aye[|]Stab a body[|]Fuck do you mean?[|]Comes with that Glock and that beam[|]Put that shit rigth in yo' spleen aye[|]Run through yo hood aye[|]Fuck niggas whats really good aye[|]My niggas wish that you would aye aye[|]Bitch Im sipping tea in yo hood[|]What the fuck is up?[|]Bitch, im sipping tea in yo... aye aye[|]Bitch Im sipping tea in yo hood[|]What the fuck is up?
XXTENTACION King,Leave me alone, I wanna go home[|]It's all in my head, I won't be upset if[|]Leave me alone, I wanna go home[|]It's all in my head, I won't be upset if[|]Heartbroken, misspoken, breaking anything I touch[|]I'm not in love, I won't let you control what I want[|]Hate me, won't break me, I'm killing everyone I love[|]Hate me, won't break me, I'm killing everyone I love[|]Hey you, hey you, you, what, hey you[|]Hey you, you, what, you, you, you[|]Hate me, won't break me, I'm killing everyone I love
XXTENTACION Bowser,Aye Ski, they not expectin' this one[|]Anything, is possible[|]Anything is possible[|]I'm on a drug, binge, aye![|]Rules, I bend, aye![|]Like Constantine, devil want my soul[|]Drug, binge, aye aye[|]Rules, I bend[|]Like Constantine, devil want my soul[|]Okay like oh no, look at wrist[|]You bitches whippin' up the bowl[|]Yo' not talkin' bricks, you been getting wet like egg yolk[|]She not from Dimmsdale[|]But she gon' give me Dimmadome[|]Oh no look at your aunt[|]Her feet black just like a crow[|]Okay like, Doctor Doofenshmirtz[|]Coat bought my girl work so it's her collection[|]I don't pistol pack in Red Dead Redemption[|]Cowboy boots with the spur[|]Been lost with the jugg walk[|]With the sauce with the saber tooth fur[|]How do I explain the way she grip on my dick just like butter that churn[|]Krispie Kreme but my sauce[|]Never empty, humpty dumpty, how I crack her[|]Like a nut cracker all the best crispy, wish list[|]Creep, creep[|]Crawling like I'm just from centipede[|]Bulletproof vest like I'm 50[|]Feeling like a Public toilet[|]Full of bear hibernation pee pee[|]I'm on a drug, binge[|]Rules, I bend[|]Like Constantine, devil want my soul[|]Drug, binge, aye[|]Rules, I bend aye aye[|]Like Constantine, devil want my soul[|]Okay like oh no, look at wrist[|]You bitches whippin' up the bowl[|]Yo' not talkin' bricks you been with, get wet like egg yolk[|]She not from Dimmsdale[|]But she gon' give me Dimmadome[|]Oh no look at your aunt[|]Her feet black just like a crow[|]Okay like guillotine, our team[|]In that pussy[|]Why your bitch look like Ming[|]With a pussy[|]I can't swim[|]Just like I'm raving no dice[|]I'm so raven idea[|]I had a dream, like I am Martin Luther[|]When she suck my dick she make me feel it in my toes[|]She look like she need some dick she suck me[|]Don't wanna go[|]She gon' fuck my nigga for a place to stay fo' sho[|]You are irrelevant[|]I'm going celibate[|]Don't want your bitch you can keep her amor[|]I'm on a drug, binge[|]Rules, I bend[|]Like Constantine, devil want my soul[|]Drug, binge[|]Rules, I bend[|]Like Constantine, devil want my soul[|]Okay like oh no, look at wrist[|]You bitches whippin' up the bowl[|]Yo' not talkin' bricks you been with, get wet like egg yolk[|]She not from Dimmsdale[|]But she gon' give me Dimmadome[|]Oh no look at your aunt[|]Her feet black just like a crow
XXTENTACION FIND ME,Where were you again?[|]Somewhere with a friend[|]I was in my head, I'm lost again, again[|]She turned around and said, that I was like the rest[|]That I don't understand the way it is, to her[|]Where were you again?[|]Where were you again?[|]Where were you again?[|]Where were you again?[|]Where were you again?[|]Somewhere with a friend[|]I was in my head, I'm lost again, again[|]She turned around and said, that I was like the rest[|]That I don't understand the way it is, to her[|]Where were you again?[|]Where were you again?[|]Where were you again?[|]Where were you again?
XXTENTACION ​love yourself (interlude),Hello?[|]What you doing?[|]Laying in a bikini[|]You sure?[|]Yeah I'm okay. What are you doing?[|]I'm sleeping. What?[|]Ooh ahh, love yourself[|]Take no chances, fuck that nigga[|]I say ooh ahh, love yourself[|]Take no chances, fuck that nigga[|]I say ooh ahh, love yourself[|]Take no chances, fuck that nigga[|]I say ooh ahh, love yourself[|]Take no chances, fuck that nigga[|]I say ooh ahh, love yourself[|]Take no chances, fuck that nigga[|]I say ooh ahh, love yourself[|]Take no chances, fuck that nigga[|]I say ooh ahh, love yourself[|]Stop lying[|]No
XXTENTACION Mega Man,[Hook: Yung Grabba][|]Mega man, mega man[|]Shooting shit, mega man[|]Shooting shit, mega man[|]Shooting shit, mega man[|]Shooting shit, mega man[|][Verse 1: Yung Grabba][|]Your bitch wanna fuck me she know grabba got the fucking zip[|]Pints ontop of pints yeah grabba got that muddy slimy shit[|]Truey on my Louis bitches top me in a foreign whip[|]MK on my last bitch cause she suck me in my m16[|]Who are you my nigga why you talking all that stupid shit[|]Your bitch is the topic she be always on a different dick[|]Bitch pussy like (?) so I had to let my niggas hit[|]Racks all in my pocket your bitch wanna suck my fucking dick[|][Hook: Yung Grabba][|]Mega man, mega man[|]Shooting shit, mega man[|][Verse 2: Yung Gook][|]FLA shit hit a nigga with a clip[|]Up in the kitchen I whip a whole brick[|]Cadillac shit stay whipping my wrist[|]Back of the caddy she sucking my dick[|]Jugg a fuck nigga I'm picking his shit[|]Like I'm (?), stacking up bricks[|]Codeine bricks, been with the shits[|]Yung Gook, taking ya loot[|]Pussy don't play cause my young niggas shoot[|]Hop out the coupe and I smoke in the booth[|]With lil boof and you know we some (?)[|][Verse 3: XXXTENTACION][|]I got black and white bitches I call it zebra[|]Little spots all on yo head like a cheetah[|]I heard that bitch come from the jungle she a eater[|]You know my niggas super savage they gonna feed her[|]Gotta clock up on my cock like Flava Flav (how you do it)[|]Demolition in that pussy scraight from (?)[|]You know my niggas is shootin no PlayStation[|]I know some niggas in county they straight Haitan[|]They be like X don't send no texts how he do it[|]I beat her down her pussy raining i'm talkin' fluid[|]Master blasting, I heard yo niggas boolin[|]I got some bitches, bitches they need some seducing, crucially[|][Verse 4: $ki Mask][|](???) head like slap on a rack[|]I'm flashin this paper[|]She said she see that[|]She giving me dome[|]She said she can't breathe[|]She still goin hard asthma attack[|]Respect my mind and repect my gat[|]Supreme on my back[|](?) no hat[|]We playin Chicago[|]So pass that shit back[|]When juicy J paper, get trippy off that[|]I puff and I pass[|]I'm bustin' right through[|]You catchin a chill[|]Ice on my neck[|]Throw up a set[|]That's when them watches the chains the rings[|]Be shinin the best[|]I'm whippin and cooking and looking the best[|]Stainless steel from Bangladesh[|](???) and touch on herself[|]Mind on that green like I'm layin in grass[|]Colored Sprite[|]Got me nice[|]Damn I'm lookin swag tonight[|]Where the bitch[|]Teeth pearly white[|]She tryna fuck tonight[|]Rollin up that grand daddy[|]Now my head feel Einstein[|]Sittin back[|]Pushin packs[|]Mary Jane my concubine
XXTENTACION I don't even speak spanish lol,Mamita vente, ma-mi-ta[|]Mamita vente, olvida la gente[|]Sé que tu cuerpo me pide calor[|]Y sé lo que sientes, la noche te prende[|]No te preocupes, me gustan mayor[|]Girl you know you got me feeling you the way you move[|]Baby bring you closer and let me show you what to do[|]Move it side to side, I know you want a drink or two[|]Let me have your body, let me show it what I can do[|]Mami, eres tú quien me provoca[|]Cuando chupa ella sí se pone loca[|]Hazlo lento pero quítate la ropa[|]Enséñame rodillas y abre boca[|]Mami what you doing all alone in the club?[|]Baby get your vibe and pour another cup[|]Girl I wanna get you all alone out the club[|]Get up on my ride I wanna show you love[|]Sway you like a lullaby-y-y-y-y[|]Dance with me through the ni-i-i-i-ight[|]Back to mi casa baby sli-i-i-i-ide[|]Let me make you feel alri-i-i-i-ight[|]Sway you like a lullaby-y-y-y-y[|]Dance with me through the ni-i-i-i-ight[|]Back to mi casa baby sli-i-i-i-ide[|]Let me make you feel alri-i-i-i-ight[|]Got me caught up in the vibe, now mama let's go[|]I'm a make you shine in the night time (baby)[|]Rolling with a star, you could be my angel[|]Just back that booty up at the right time[|]I can feel you when you dance, you grabbing on my pants[|]I'm kissing you in advance, baby live it up[|]She putting me in a trance[|]I'm throwing out all my bands[|]She yelling out this is a jam[|]DJ turn it up[|]She want it, she want it[|]We going hard 'til 6 in the morning[|]She need it, she need it[|]I bet the neighbors know my name when she on it[|]Mami what you doing all alone in the club[|]Baby get your vibe and pour another cup[|]Girl I wanna get you all alone out the club[|]Get up on my ride I wanna show you love[|]Sway you like a lullaby-y-y-y-y[|]Dance with me through the ni-i-i-i-ight[|]Back to mi casa baby sli-i-i-i-ide[|]Let me make you feel alri-i-i-i-ight[|]Girl let me feel you ri-i-i-i-ight[|]Baby you in for a ni-i-i-i-ight[|]Come with me for the vi-i-i-i-ibe[|]Know I wanna get insi-i-i-i-ide[|]Holy now, the way you spin around[|]Got me so aroused, I can't keep it down[|]Holy now, the way you spin around[|]Got me so aroused, I can't keep it down[|]Holy now, the way you spin around[|]Got me so aroused, I can't keep it down[|]Holy now, the way you spin around[|]Got me so aroused, I can't keep it down[|]By-y-y-y-y[|]Dance with me through the ni-i-i-i-ight[|]Back to mi casa baby sli-i-i-i-ide[|]Let me make you feel alri-i-i-i-ight
XXTENTACION Dead Inside, Pt. 2,You got a head on your shoulders[|]Why you pretend that you don't know?[|]Couldn't be helped but you just feel it now[|]You gotta try baby harder[|]You got a head on your shoulders[|]Why you pretend that you don't know?[|]Couldn't be helped but you just feel it now[|]You gotta try baby harder
XXTENTACION Red Light,[Intro][|]Ughhh[|]Ronny J on the beat, bitch![|]Haha[|]Ayy, uh, uh[|]Ayy ayy[|][Verse][|]Red light, let that bitch go at the red light[|]Big bite, bet that bitch bite like a great white[|]Fistfight, uh, can't do that, we tote them dicks like[|]Gunfight, know that this ain't what you want[|]Yes I'm dripping like I'm Fiji, huh[|]My wrist froze, I'm freezing, huh[|]I made this shit look easy, huh[|]On your fridge, no Jesus, huh[|]Like slap, slap, slap, slap, slap, slap, slap[|]Okay like, slap, slap, slap, slap, slap, slap, slap[|]Okay like jet, uh, private jet[|]I'm gettin neck, I'm gettin checks[|]And she throw that ass right back 'cause I'm a vet[|]Okay, my neck, bling![|]Chandelier, ayy bitch, look right here[|]Okay, my diamonds sing, crystal clear[|]Okay like, that bitch need denim[|]No Master Splinter, I hit that bitch with the wood[|]No I'm not Courage, but I got some courage[|][?], ayy![|][Outro][|]Oh it's- it's finished already? Haha
XXTENTACION Palm Trees,[Verse 1: XXXTENTACION][|]Pick litter the middle of six niggers is bitter[|]As dick lickers as licking the cliques clitoris[|]Vigorous black bags and the vividus black casper[|]And back the bash faster[|]Better, mean cash or with cassidy[|]And the passenger packin the shovel[|]Rackin up bodies, quicker than calories salaries[|]Mean spend it and vend it a pussy magnet and stagnant[|]And quick fragments of faggots[|]Who's clique blackin' with cactuses[|]And the package delivered[|]Fuckin' synonym cinnamon covered synonyms[|]Get' em got em'[|]Killin em killable fuckin liberal kidabble[|]Litta fucka' then suck a condom and couple looking with therapy[|]Office and officer[|]Of accomplishing condominets[|]Any converse is commonly[|]Incompetent prominence[|]Get a communist but-[|]They never understand[|]How it feels to be a man[|]How it feels to be a man, hmm
XXTENTACION Ok Shorty!,[Intro][|]Aye, aye[|]Yuh[|][Chorus][|]Okay shorty, okay shorty[|]Okay shorty, okay shorty[|]Okay shorty, okay shorty[|]Okay shorty[|]Throw that ass back, uh, yuh[|]Throw that ass back, uh, yuh[|]Throw that ass back, uh, yuh[|]Throw that ass back, uh, yuh[|]Okay shorty, okay shorty[|]Okay shorty, okay shorty[|]Okay shorty, okay shorty[|]Okay shorty, okay shorty[|]Throw that ass back, uh, yuh[|]Throw that ass back, uh, yuh[|]Throw that ass back, uh, yuh[|]Throw that ass back, uh[|][Verse][|]Spin on my dick (uh, yuh)[|]Just like a fidget (uh, yuh)[|]When she on my dick (uh, aye)[|]Look like a midget (uh, ay)[|]Okay, lil' shawty wan' eat on my body[|]Just like a Frito-Lay (uh, yuh)[|]Just like I'm Phineas, or like lil' Ferb![|]"What did you do today?" (uh, yuh, aye)[|][Interlude][|]You already know I'm rockin' nigga[|]I got Tank in the booth[|]Haha![|]Where ya Glock at Tank?[|]Aye! Yuh![|][Chorus][|]Okay shorty, okay shorty[|]Okay shorty, okay shorty[|]Okay shorty, okay shorty[|]Okay shorty[|]Throw that ass back, uh, yuh[|]Throw that ass back, uh, yuh[|]Throw that ass back, uh, yuh[|]Throw that ass back, uh, yuh[|]Okay shorty, okay shorty[|]Okay shorty, okay shorty[|]Okay shorty, okay shorty[|]Okay shorty, okay shorty[|]Throw that ass back, uh, yuh[|]Throw that ass back, uh, yuh[|]Throw that ass back, uh, yuh[|]Throw that ass back, uh[|][Outro][|]Molly water, uh, yuh
XXTENTACION IGotPlentyDickToShare,[Intro & Sample: Roxane Dayette][|]Masking my intentions[|]With these false pretenses[|]Masking my intentions[|]With these false pretenses[|][Verse: XXXTENTACION][|]Who the nigga that you with girl, yeah[|]He don't do you like this girl, yeah[|]And I put 30 on the underage[|]Thinking that you doing someone like this girl, yeah[|]In the bed with your hair tied, yeah[|]What you hear about me, all lies, uh[|]I'm the one that get you wetter eat the pussy like whenever shawty really need to ease up[|]I said A Bay like I'm Hurricane[|]I need two cups of that remedy[|]That pussy done for you finna go for it cause I beat it good and you stuck on it[|]Dick stroke when I confront it[|]Sex talk make your legs shake[|]Eat it good so whats heartbreak[|]All you think about is that pussy feel[|][Hook: XXXTENTACION][|]I mean damn[|]I'm like damn[|]Just wanna touch you bae it's like damn[|]I mean damn[|]I'm like damn[|]Just wanna touch you girl it's like damn[|]I'm like damn[|]I'm like damn[|]Just wanna touch you girl it's like damn[|]Just wanna fuck you girl it's like damn[|]*mumbles*[|][Outro: XXXTENTACION][|][?] you know who I'm rocking with
XXTENTACION Gang Cypher (Freestyle),
XXTENTACION FIND ME (Intro),Where were you again?[|]Somewhere with a friend[|]I was in my head, I'm lost again, again[|]She turned around and said, that I was like the rest[|]That I don't understand the way it is, to her[|]Where were you again?[|]Where were you again?[|]Where were you again?[|]Where were you again?[|]Where were you again?[|]Somewhere with a friend[|]I was in my head, I'm lost again, again[|]She turned around and said, that I was like the rest[|]That I don't understand the way it is, to her[|]Where were you again?[|]Where were you again?[|]Where were you again?[|]Where were you again?
XXTENTACION schizophrenia,Voices in your, voices in your, voices in your head[|]Those who tryna drive you mad[|]And make it all, make it all wild[|]Wild![|]Voices in your, voices in your, voices in your head[|]Those who tryna drive you mad[|]And make it all, make it all wild[|]Wild![|]There's another mind deep in me[|]Don't know what's gotten into me[|]I ain't seen the other side plentifully[|]'Til the end I'll, 'til the end I'll fight[|]There's another mind deep in me[|]Don't know what's gotten into me[|]I ain't seen the other side plentifully[|]'Til the end I'll, 'til the end I'll fight[|]Don't give up, don't give up![|]Don't give up, don't give up![|]Don't give up, don't give up![|]Don't give up, don't give up![|]Don't give up, don't give up![|]Don't give up, don't give up![|]Don't give up, don't give up![|]Don't give up, don't give up!
XXTENTACION Ruff Neck,
XXTENTACION The Explanation,17[|]My collection of nightmares, thoughts, and real life situations I've lived[|]17 is the number tattooed on the right side of my head[|]My own personal number[|]Soon to be explained in future interviews or instances[|]By listening to this album, you are literally[|]And I cannot stress this enough[|]Literally[|]Entering my mind[|]And if you are not willing to accept my emotion[|]And hear my words fully[|]Do not listen[|]I do not value your money[|]I value your acceptance and loyalty[|]Here is my pain and thoughts put into words[|]I put my all into this[|]In the hopes that it will help cure[|]Or at least numb your depression[|]I love you[|]Thank you for listening[|]Enjoy
XXTENTACION A GHETTO CHRISTMAS CAROL,Yeah[|]Oh my God, Ronny[|]It's a vibe, yeah, feeling right, yeah[|]Keep it quiet, got a nigga throwed (yuh, yuh)[|]So much ice, yeah, fantasize, yeah[|]The city lights, got a nigga so, yeah, day and night[|]Through the day and night,[|]through the day and night Got a nigga so, yeah, day and night[|]Through the day and night, through the day and night[|]Through the day and night, through the day and night[|]Don't crash, don't crash, you're movin' too fast now[|]More cash, more cash, might throw it on her ass now[|]Butterfly on the whip, that's a nigga doors[|]All my hoes super thick and don't keep no legs closed[|]I got stripes like Adidas do, uh[|]My whip the color of Beetlejuice, uh[|]Peter Pan, Gucci Mane, look at you, uh[|]Nigga you hatin', you bitchin', you, ay[|]Niggas be watchin' like bitches and uh[|]Nigga quite frankly don't get that shit, ay[|]These niggas bored, they irrelevant, ay[|]Niggas be watchin', these niggas be[|]It's a vibe, yeah, feeling right, yeah[|]Keep it quiet, got a nigga throwed (yuh, yuh)[|]So much ice, yeah, fantasize, yeah[|]The city lights got a nigga so, yeah, day and night[|]Through the day and night, through the day and night[|]Got a nigga so, yeah, day and night[|]Through the day and night, through the day and night[|]Through the day and night, through the day and night
XXTENTACION SDS,
XXTENTACION Never,[Verse][|]Sing, me a sad song[|]Top of the morning too[|]By the catacombs[|]You and I, it's do or die[|]Skies are grey, so you flew a kite[|]We knew[|]And I'll take[|]My lifetime, better days[|]I won't awake[|]And I know[|][Chorus][|]You, I, we die[|]It's so hard to take[|]This time, I'll fly[|]We won't ever break[|]It's all I know[|]You can't ever say[|]You, I, we die[|]It's so hard to take[|]This time, I'll fly[|]We won't ever break[|]It's all I know[|]You can't ever say[|][Outro][|]Vengeance never comes, ooohh[|]Vengeance never comes, ooohh[|]Vengeance never comes, ooohh[|]Vengeance never comes, ooohh[|]Vengeance never comes, ooohh[|]Vengeance never comes, ooohh
XXTENTACION Garette's Revenge,I think I[|]I think I finally[|]Found a way to forgive myself[|]From mistakes I made in my past[|]I think that's the first step, right?[|]You agree?[|]I've dug two graves for us, my dear[|]Can't pretend that I was perfect, leaving you in fear[|]Oh, man, what a world, the things I hear[|]If I could act on my revenge, then, oh, would I?[|]Some kill, some steal, some break your heart[|]And you thought that I would let it go, and let you walk[|]Well, broken hearts, break bones, so break up fast[|]And I don't wanna let it go, so in my grave, I'll rot[|]I've dug two graves for us, my dear[|]Can't pretend that I was perfect, leaving you in fear[|]Oh, man, what a world, the things I hear[|]If I could act on my revenge, then, oh, would I?[|]Some kill, some steal, some break your heart[|]And you thought that I would let go, and let you walk[|]Well, broken hearts, break bones, so break up fast[|]And I don't wanna let it go, so in my grave, I'll rot[|]In my grave, I'll rot[|]In my grave, I'll rot[|]In my grave, I'll rot[|]In my grave, I'll rot[|]In my grave, I'll rot[|]In my grave, I'll rot[|]In my grave, I'll rot[|]I'll rot, I'll rot, I'll rot[|]Enjoy
XXTENTACION Hate Will Never Win,[Intro: Donald Trump][|]But a very important one, and it was scheduled to talk about the great things that we're doing with the secretary on the veterans administration. And we will talk about that very much so in a little while, but I thought I should put out a comment as to what's going on in Charlottesville. So, again, I want to thank everybody for being here, in particular I want to thank—[|][Chorus: XXXTENTACION][|]Mind me while I sit and pretend to make amends[|]With all these false laws and menacin' men[|]Will fuckin' swallow you[|]I'll follow you down road[|]To this broken-hearted love for you[|]My heart has gone as still as a corpse[|]Never mind me while I sit and pretend to make amends[|]With all these false laws and menacin' men[|]Will fuckin' swallow you[|]I'll follow you down road[|]To this broken-hearted love for you[|]My heart has gone as still as a corpse[|][Verse: XXXTENTACION & Donald Trump][|]Why the fuck should I apologize?[|]Country's orderless, it's a lie[|]By these fuckin' government scumbag dicksuckers with ties[|](Great people, they're great people)[|]Wanna fight for my future, it's right in my hands[|]And the future of many youth if I play my cards can advance[|]And genuine dime, I opened my mind[|]Where can I find this future?[|]Sever your mind and you will be blind[|]And trapped in a mind that flies within our walls[|]I'm feelin' like my mind within a war between myself[|]Between this slavery of media, it's poor presentation[|](Violence on many sides)[|]The youth within our nation[|]Such is a pity, dependin' on people resemblin' Bible Satan, uh[|]Set 'em up off and wet 'em up off like it's PlayStation, uh[|]Open up your minds and come together as a nation, why?[|]Why?[|]Why?[|]Why?[|][Outro: Donald Trump][|]This has been going on for a long, long time. It has no place in America. What is vital now is a swift restoration of law and order and the protection of innocent lives. No citizen should ever fear for their safety and security in our society. And no child should ever be afraid to go outside and play.
XXTENTACION Ayala (Outro),Ooh ahh ahh[|]She showed me the things love can't forget[|]Ohh it hurt now[|]Made a list of my regrets[|]And you were the first, love[|]Ohh it hurts[|]I can't forget[|]How it hurt now[|]Made a list of my regrets
XXTENTACION Ghost,[Intro][|]My flesh is cold as a ghost[|]My flesh is cold as a ghost[|]My flesh is cold as a ghost[|]My flesh is....[|]My flesh is cold as a ghost[|]My flesh is cold as a ghost[|]My flesh is cold as a ghost[|][Verse][|]And I, could've been[|]Next fall, next blade in the king[|]Bleed red, four doors in the Benz[|]But I met four ghosts in the pen[|]And I, could've been[|]Dead, boy, my soul is amiss[|]Flushed skin, X types of a kiss[|]Rather hate, bitch[|]Just face the abyss, and I (aye!)[|]Place blame for this shit[|]Rather be dead, dull blades on my wrist[|]Fucking with my head, get dead, that's the gist[|]First, you can see it on me, I'm pissed[|]Lost in the mist, pants full of piss[|]Pick a daffodilly, so pretty at this[|]Fist fuck, started feeling, silly willy, take a look[|]At the rope, then he jumped[|]All he needed was a brick[|]Daisy, those are making Fugazi[|]Lost, I pick up a case and[|]Close it, close it, pick up the rabies[|]Daisy, those are making Fugazi[|]Lost, I pick up a case and[|]Close it, close it, pick up the rabies[|][Outro][|]Living a farce[|]Living a farce, living a farce[|]Living a farce[|]Living a farce, living a farce
XXTENTACION FuckABitchFace,
XXTENTACION Ocean (Interlude),
XXTENTACION Snow,I see, black skies, and white lies, I'd rather be[|]Dead, filling my head with different enemies[|]Thoughts consuming me, fueling my insecurities[|]As the ground right under me crumbles as if it wasn't there[|]It's too much, my heart's crushed, I'm not alive[|]I won't allow myself happiness 'cause it's all lies[|]I've seen the pain, I've run away so many times[|]Death and I are companions, it's here at all times[|]I won't love, won't trust, I won't die[|]I can't feel, but managed to steal your heart love[|]Was dirt poor, now fuck whores and want love[|]It seems that anything offered could be enough but[|]As time, body falls[|]Don't know, who to call[|]Alone, and my heart, got tat[|]Of it broke[|]I'm so fucking numb, my life has succumb[|]To hatred and death, alone[|]In the snow
XXTENTACION Skin,There she was with the blade in her hand[|]Scars on her skins replace kiss of the man[|]She's played a part for as long as she's known[|]Regret fills her heart as her love leaves her home[|]She's learnt to be passive but such is a loss[|]Accepting defeat when I foreclose the cost[|]For her this was needed to be rid of the pain[|]You play the victim and I'll play insane[|]Offense or defense, passive or violent[|]I'll cut my wrists till my heartbeat is silent[|]With the shell in my hand I'm equipped with the pump[|]Shots in her body until she is a stump[|]Stomp out that fucker his death will be slow[|]You made me do this just as far as you know[|]If you don't exist then my pain can be rid[|]So I gut the fuckery then eat like a pig[|]Offense or defense, passive or violent[|]I'll cut my wrists till my heartbeat is silent[|]With the shell in my hand I'm equipped with the pump[|]Shots in her body until she is a stump[|]Offense or defense, passive or violent[|]I'l cut my wrists till my heartbeat is silent[|]With the shell in my hand I'm equipped with the pump[|]Shots in her body until she is a stump[|]Offense or defense, passive or violent[|]I'll cut my wrists till my heartbeat is silent[|]With the shell in my hand I'm equipped with the pump[|]Shots in her body until she is a stump[|]Offense or defense, passive or violent[|]I'l cut my wrists till my heartbeat is silent[|]With the shell in my hand I'm equipped with the pump[|]Shots in her body until she is a stump
XXTENTACION Skins,
XXTENTACION SMASH!,Got it on smash[|]Foreign Spanish jawn, I really like your lemonade[|]I put Cartiers all over my bitch's face[|]She just got apparel, all because a nigga paid[|]Put her in the past, 'cause you know[|]Yeah, you know, I smashed[|]Yeah, I smashed, yeah[|]Shawty let me smash[|]So I put her in the past, yeah[|]I put her in the past, yeah, I smashed, yeah[|]Yeah, you know, I smashed (yeah)[|]So I put her in the past, yeah[|]Yeah I put her in the, smash[|]She rock Carti' frames, sweet like candy cane[|]If I'm Superman, she my Lois Lane[|]Gucci everything, Louis everything[|]Had to cut her off, she sniff too much 'caine[|]Don't look so surprised, all she want to do is lie[|]Then she turned around and cried[|]Demons all in her eyes[|]She don't feel no pain, she might be insane[|]Coat her with some rain, pussy lemonade[|]Foreign Spanish jawn, I really like your lemonade[|]I put Cartiers all over my bitch's face[|]She just got apparel, all because a nigga paid[|]Put her in the past, 'cause you know[|]Yeah, you know, I smashed[|]Yeah, I smashed, yeah[|]Shawty let me smash[|]So I put her in the past, yeah[|]I put her in the past, yeah, I smashed, yeah[|]Yeah, you know, I smashed (yeah)[|]So I put her in the past, yeah[|]Yeah I put her in the, smash
XXTENTACION Sounds Of The Melting Pot,
XXTENTACION Static Shock (Interlude),So one, two, three[|]Ayy![|]She need, water[|]Wet, okay[|]It's your boy Lil' One Song[|]Ayy, ayy, ayy, ayy[|]Ayy, ayy, ayy, ayy[|]Molly water[|]I won't, I won't, I won't[|]I won't, I won't, ooh[|]I won't cause no static (aye)[|]I won't cause no static (yeah)[|]I won't cause no static (aye)[|]I won't cause no static[|]He want smoke, smoke, smoke[|]He want smoke, smoke, smoke[|]He want smoke, smoke, smoke[|]He want smoke, smoke, smoke (ok)[|]I won't cause no static (aye)[|]I won't cause no static (yeah)[|]I won't cause no static (aye)[|]I won't cause no static[|]He want smoke, smoke, smoke[|]He want smoke, smoke, smoke[|]He want smoke, smoke, smoke[|]He want smoke, smoke, smoke (aye)
XXTENTACION Teeth (Interlude),Where you said you going[|]He can't fuck you like I can[|]Where you said you going[|]He can't fuck you like I can[|]He can't fuck you like I can[|]He can't fuck you like I can[|]He can't fuck you like I can[|]He can't fuck you like I can[|]I don't remember much[|]I just seen her dead in there[|]It definitely stood out[|]I remember your smell when I touched you[|]How you used to talk to me[|]It all hurts so much now[|]How could I waste so much time on someone who doesn't even love me[|]Even though all the time I spent, its just worthless[|]Now I feel like I don't even wanna live anymore[|]Save me
XXTENTACION The Boy With The Black Eyes,[Intro][|]Yeah[|]The evolution is near[|]The brains will start to abandon their religions[|]And believe in themselves[|]And the new world order will start[|]Yeah[|][Verse][|]I behead a motherfucker for his contacts[|]Take the body where the others can't see[|]Seen the devil in my eyes without the contacts[|]My eyes are blacker than the bottom of the sea[|]Yuh, narcissistic crucifixion[|]Dead weight, I been searching[|]Niggas coexist, you just don't see 'em work with other bitches[|]It's me, black and white, the dark of night[|]That's when I do my searching[|]And the Anti-Christ is in my mind[|]The evolutions lurking[|]Yeah, yeah, yeah[|][Outro][|]I can't, I can't get the fuck out my head[|]I can't, I can't get the fuck out my head[|]I can't, I can't get the fuck out my head[|]I can't, I can't get the fuck out my head[|]I can't, I can't get the fuck out my head[|]I can't, I can't get the fuck out my head[|]I can't, I can't get the fuck out my head[|]I can't, I can't get the fuck out my head
XXTENTACION The Fall,
XXTENTACION UP LIKE AN INSOMNIAC (Freestyle),Okay[|]Way too good at this shit, I ain't even really gotta try no more[|]Oh my God, Ronny[|]Bitch I am up, bitch I am up[|]Bitch I am up, bitch I am up[|]Bitch I am up, bitch I am up[|]Bitch I am up, bitch I am up[|]Bitch I am up, bitch I am up[|]Bitch I am up, bitch I am up[|]Bitch I am up, bitch I am up[|]Bitch I am up, bitch I am up[|]Ayy[|]Okay, xans for her dinner, uhh[|]Beg for Margiela, uhh[|]Bad little bitch, she Spanish, speak no English[|]Got no manners[|]Just like a gnome, I'm at your home[|]Right on your yard, shoes are Goyard[|]Dick in your broad[|]Her pussy stinky, messy like Binky[|]Bon appetite[|]I don't see nobody better than me, mm[|]All these pussy niggas is jealous of me, mm[|]Got a pussy wider than swiffer you see, mm[|]Steal a nigga flow, then murder his beat, uhh[|]Stole a nigga bitch, she murder my meat, uhh[|]Had a nigga numb from the feet to the knee up, uhh[|]When she suck my dick, it's making her hiccup[|]When I'm in that pussy, I jam my new seat up[|]Bitch I am up, bitch I am up[|]Bitch I am up, bitch I am up[|]Bitch I am up, bitch I am up[|]Bitch I am up, bitch I am up[|]Bitch I am up, bitch I am up[|]Bitch I am up, bitch I am up[|]Bitch I am up, bitch I am up[|]Bitch I am up, bitch I am up[|]All these niggas fucking hoes[|]Ten toes never fold[|]Pussy nigga, snatch your soul[|]Out your shirt, acting bold[|]Acting up, acting tough[|]Just might get you fist fucked[|]All you talk about running up[|]Steal your boy, I'm running up[|]My flows acidic, I murder rap virgins with it[|]I'm swordflipping the burb while I'm purging niggas[|]My words is bigger, matter of fact, my dick bigger[|]The bigger the figure, the more they probably fuck nigga[|]I'll say it again[|]No, I don't want to be friends with none of you fucking aliens[|]I'm predator nigga[|]I batter you nigga, matter of fact, I'm better than niggas[|]I'll batter you nigga[|]Bitch I am up, bitch I am up[|]Bitch I am up, bitch I am up[|]Bitch I am up, bitch I am up[|]Bitch I am up, bitch I am up[|]Bitch I am up, bitch I am up[|]Bitch I am up, bitch I am up[|]Bitch I am up, bitch I am up[|]Bitch I am up, bitch I am up[|]Hey, that was a fucking freestyle[|]Make sure y'all fuck niggas know[|]Thank you very much[|]This whole thing was a freestyle[|]You can ask my engineer[|]I was doing this shit in the motherfucking booth[|]Thank you very much[|]Okay
XXTENTACION Valentine,Valentine, I watched my red rose turn to gray[|]Let me be, I give your Lord my soul to take[|]It won't hurt me now, I'm numb to all the pain[|]Heaven or hell, I don't know which path to take[|]Valentine, where are you now?[|]'Cause its people that I hate[|]'Cause my heart has run away[|]Valentine, where are you now?[|]'Cause its people that I hate[|]'Cause my heart has run away[|]Where are you now, now, now?[|]Where are you now?[|]'Cause its people that I hate[|]'Cause my heart has run away[|]Where are you now?
XXTENTACION Very Rare Boyz,Set em' in the back,[|]with the mac in the backpack try me and I switch to attack[|]brrah, brrah, brrah nigga splatter at your back done sound like that nigga who couldn't reach in the cask,[|]i'm still gettin dough and fuckin these hoes[|]my noggin in touch like a door,[|]that mean I get top like the sheet of pillow,[|]she give me herself for the low,[|]I do (I do)[|]Said I ain't with the shit but I got the hammer like bout to build a hoe,[|]I'm pourin a four,[|]leanin all on your hoe[|]Slump God in the cut,[|]with my dick in your hoe[|]Mur, Mur, Mur,[|](Suck your mother)[|]Murder, Pestle was Murder[|]mind full of greed i'm smokin this herbal,[|]fuckin a bitch, a blunt to the face,[|]mind puts you in a race, I'm smokin and doin a chase,[|]Bloodclaat![|]More than you pussy can fathom[|]puffin I'm lit with no passin[|]Stokeley was doing my adlibs[|]Bang, Murder I bang[|]thinkin this cocaine was all in my brain[|]waves deep in the pain[|]got this whole damn room just chaining this brown bag[|]your bitch dutty,[|]your bitch dutty[|]Me and little shorty in the back,[|]Very Rare with a new pack,[|]run fuck boy for a sack,[|]till all my niggas slang crack,[|]young nigga stealin my swag like a motherfuckin hat nigga mind gon' go clack clack,[|]bitch wanna suck my sack nigga you a fuck boy that's a muthafuckin fact,[|]Catch me from behind nah nigga I don't ever slack,[|]Catch my sense is sharp as fuck like a fuckin tack,[|]Yeah I fucked her from the back,[|]Yeah I fucked her from the back,[|]Dick so good guarantee you that she come back,[|]Drugz, Drugz,[|]yeah I do them shits[|]I'm off them shits, I'm with the shit[|]than shit off the top of my head[|]She give me crazy head, dracula shit[|]suckin on my fuckin semen bitch[|]yo bitch a semen demon hoe[|](Laughing) this nigga wild he said, "suckin on my fuckin semen bitch yo bitch a semen demon hoe"
XXTENTACION Willy Wonka Was A Child Murderer,[Hook][|]YEAH![|]It's all in my, it's all in my head[|]It's all in my, it's all in my head[|]NO![|]NO![|]NO![|]It's all in my head[|]It's all in my, it's all in my head[|]YEAH, YEAH![|][Outro][|]It's all in my head...
XXTENTACION You're Thinking Too Much, Stop It,Masking my intentions[|]With these false pretenses[|]Masking my intentions[|]With these false pretenses[|]Who the nigga that you with girl, yeah[|]He don't do you like this girl, yeah[|]And I put 30 on the underage[|]Thinking that you doing someone like this girl, yeah[|]In the bed with your hair tied, yeah[|]What you hear about me, all lies, uh[|]I'm the one that get you wetter eat the pussy like whenever shawty really need to ease up[|]I said aye babe l hurricane[|]I need two cups of that remedy[|]That pussy done for you finna go for it cause I beat it good and you stuck on it[|]Dick stroke when I confront it[|]Sex talk make your legs shake[|]Eat it good so whats heartbreak[|]All you think about is that pussy feel[|]I mean damn[|]I'm like damn[|]Just wanna touch you bae it's like damn[|]I mean damn[|]I'm like damn[|]Just wanna touch you girl it's like damn[|]I'm like damn[|]I'm like damn[|]Just wanna touch you girl it's like damn[|]Just wanna fuck you girl it's like damn
